String	Integer	Float_1	Float_2	Float_3	Float_4	Float_5	Float_6	Float_7	Float_8	Float_9	Float_10	Date
umuHVchDJb	21	72.95	67.21	23.49	1.56	46.02	38.86	9.06	2.21	61.81	25.59	2016-01-14
UHCBXGcSwm	9	26.7	18.62	59.95	5.0	39.55	13.43	10.93	76.05	36.19	11.17	2020-03-28
TnwiSXYhot	3	87.24	22.02	51.56	57.63	20.0	95.57	51.24	12.14	65.54	24.29	2023-07-17
lxzeiIcnUI	53	97.43	72.69	82.74	82.15	21.74	89.91	27.47	17.18	36.25	65.55	2018-02-08
vmIMkZxylv	69	75.63	45.18	61.78	97.44	23.85	69.32	69.66	43.63	56.07	4.66	2003-04-10
MWrosmiiLv	3	53.74	22.59	4.66	51.27	67.61	25.86	57.16	76.72	5.41	89.28	2003-01-18
SsloDWetwr	3	2.7	21.42	63.55	6.18	26.94	99.47	93.75	2.36	14.17	47.34	2011-11-07
rMNdIvnlYd	24	81.7	61.59	36.35	91.13	65.72	61.69	14.26	72.92	33.41	52.68	2017-03-12
pisDXGzjhI	63	8.65	61.11	47.56	89.99	31.43	23.21	24.35	9.81	58.6	24.81	2013-07-11
XgeqyAMPFm	22	94.82	80.16	74.87	39.12	2.8	19.21	95.06	63.36	42.79	51.71	2009-06-04
lmepBrPUlm	80	32.6	35.74	81.04	16.93	0.21	55.83	2.75	98.66	22.39	16.58	2005-06-21
KLYMUFmdNx	100	5.46	73.01	13.74	80.07	9.72	27.24	90.98	23.95	36.89	14.13	2018-05-27
NxeCIHvvXg	30	97.1	88.65	94.55	6.4	84.25	44.51	26.78	78.8	24.23	74.98	2016-07-06
DrZDxMGgJI	39	26.1	20.92	2.63	60.33	62.85	43.93	36.49	31.39	8.3	19.98	2016-06-02
RhvwGftnbe	29	18.19	93.61	15.79	58.53	49.77	31.46	89.05	73.23	69.19	19.55	2011-10-04
RfaXFIaQOx	47	6.23	68.82	66.41	14.17	26.83	54.1	82.95	65.64	94.91	10.25	2004-11-19
riaXLsCNPT	65	17.81	46.72	82.73	94.63	44.5	8.3	25.25	5.75	98.28	92.69	2010-12-12
QyStcQpnds	24	13.52	8.7	84.69	17.86	36.0	44.04	85.68	37.55	36.65	17.92	2010-09-19
qKqJFZnQfA	11	28.22	36.96	77.18	46.23	78.92	16.52	89.19	92.34	8.95	74.68	2023-10-05
eRjnmLpfcf	81	57.92	45.39	26.51	93.68	1.76	13.8	0.81	90.68	49.51	77.81	2003-03-28
bRTQOkCeSv	84	17.87	22.37	18.52	7.5	39.87	60.47	4.81	25.52	12.54	12.3	2004-01-02
ECLitsdwlw	93	85.96	37.74	85.1	2.46	76.84	36.23	83.71	54.84	60.11	71.44	2010-02-21
GHjDuTbFeN	40	41.88	2.09	47.95	83.13	1.57	4.2	15.19	61.5	6.96	41.13	2005-09-05
jqbZGUIymN	19	32.26	82.0	76.72	66.94	20.17	83.57	21.27	85.94	89.62	84.1	2001-06-09
WsvWXgEKWB	62	54.05	13.24	42.55	92.78	30.74	75.44	77.06	64.52	66.95	68.36	2005-03-18
kiguGLuGjW	46	83.83	85.62	69.65	92.49	24.87	80.55	39.14	95.09	49.13	22.37	2023-10-18
OFFqAubVmz	70	93.31	38.31	20.43	27.72	87.85	96.97	4.58	82.62	83.21	9.17	2017-12-26
QwTTRcELcd	91	43.74	37.54	44.94	25.26	49.82	61.29	25.48	4.63	79.76	5.45	2023-09-11
hiHTubyJVb	55	70.15	49.74	78.08	68.28	5.97	33.81	2.58	98.39	71.65	13.42	2011-12-28
rfYskJjzbB	11	13.4	67.37	65.1	74.25	99.52	15.84	48.68	42.8	1.42	26.67	2019-08-13
VatgrTREzm	46	19.86	75.12	93.94	49.81	18.79	99.22	84.68	16.79	7.64	88.24	2007-01-22
nKsMaVmWRG	14	31.95	60.49	7.38	22.87	24.93	83.35	84.68	81.12	63.23	57.5	2020-05-12
WZmdHNsjXz	90	32.43	17.39	67.04	49.35	11.85	54.33	92.39	21.63	44.53	92.73	2000-08-10
GTyUsUBiEp	93	97.78	17.62	69.75	53.06	72.86	48.63	26.81	84.3	43.21	56.66	2003-05-15
wsXWrUNtTP	25	57.4	66.64	45.69	90.75	62.21	42.73	31.3	80.68	23.41	61.44	2022-02-27
kIIDhPPXMQ	21	22.72	12.07	60.89	81.13	59.74	12.44	90.13	67.46	58.93	23.38	2018-12-12
voLWnAjDxC	4	17.53	29.52	5.54	22.27	27.89	14.59	83.4	35.75	48.32	93.82	2016-08-28
mCiegIspaS	96	35.18	54.83	9.99	82.9	39.26	4.3	40.24	83.11	17.61	10.72	2001-10-27
fDmjjPfyyp	93	1.29	50.91	87.81	38.83	8.25	19.7	45.48	55.73	3.56	93.13	2014-11-22
WknECEaUUz	18	65.96	91.15	66.41	91.35	44.55	49.3	26.13	49.98	71.23	84.51	2011-09-27
rhKmXaDeml	56	86.5	87.89	45.14	80.84	67.12	52.72	14.8	64.26	33.56	58.64	2008-08-05
oexoLbtxwV	71	20.37	83.63	17.47	47.48	95.83	44.78	97.08	67.84	79.87	71.47	2019-12-09
zYFtoaCTPB	79	70.7	86.29	85.2	61.55	77.03	92.31	95.77	70.58	79.46	99.08	2011-12-15
yIsTqNNUVE	51	24.2	16.88	37.06	28.39	28.92	9.73	89.35	3.07	45.55	53.08	2008-01-15
wChRHIGVIY	62	61.74	22.32	3.91	20.28	92.88	94.95	34.78	72.28	88.94	0.16	2005-09-04
qQoxdCEgMr	89	30.61	30.63	94.01	27.74	32.2	43.31	39.78	98.86	64.26	18.93	2005-12-11
ctOqoKxuoS	83	39.07	52.81	83.6	18.59	86.22	44.9	88.12	46.7	38.76	86.21	2001-09-18
npKDnRLhAw	55	49.97	1.85	55.31	89.83	22.33	54.01	0.04	44.78	35.45	77.06	2008-08-11
UPJuvLriPj	92	64.21	5.8	66.51	62.32	35.15	37.77	20.66	81.27	63.09	7.96	2004-05-11
WUXnOQvZjQ	40	49.39	93.62	59.15	0.34	62.98	36.86	39.84	44.61	77.46	98.4	2011-08-16
pWgvnxbAOz	37	25.98	93.27	51.49	1.75	39.93	10.02	29.33	76.63	66.6	26.84	2016-08-16
qoUOtXbYdk	40	29.16	61.86	63.6	29.38	23.26	57.31	57.68	41.67	86.52	20.89	2014-03-14
FLEmRgIhoO	25	94.43	13.19	65.05	41.09	91.16	65.7	0.41	6.01	76.73	33.44	2016-11-23
iGAXRQnsrp	28	94.87	16.8	82.21	27.71	7.58	38.58	98.87	58.87	8.41	68.02	2000-07-19
gYOtElmKHX	28	13.52	46.89	54.89	41.76	79.44	18.28	92.05	38.02	53.48	22.28	2008-11-22
QOJAgEbIso	21	66.52	92.6	42.22	71.94	91.16	31.18	28.78	18.07	51.82	97.34	2009-06-01
MBiLyUYOKb	53	91.59	38.53	99.22	85.08	1.17	38.81	11.01	16.58	1.94	78.93	2021-09-07
keGbPpQFLI	44	99.9	86.42	52.26	62.63	99.14	79.25	77.99	29.23	42.24	67.79	2018-02-22
joxEmdvdQM	64	11.6	85.63	92.16	27.09	36.03	94.37	1.54	43.1	20.05	39.32	2021-06-11
obqKtgLAZJ	61	26.62	12.6	72.53	34.96	17.62	50.19	12.91	64.28	69.68	35.43	2010-04-03
KezJHNSMTZ	16	68.78	45.81	91.83	28.78	50.87	94.94	91.66	63.87	49.14	94.77	2015-06-22
fvcAnJuxng	25	67.96	82.81	98.68	10.7	85.51	3.16	80.41	38.26	23.32	96.85	2012-08-01
xtPBqNSIai	25	58.49	26.76	75.19	87.88	54.85	0.37	19.16	40.95	3.03	12.91	2016-06-03
vDTmzETuHF	77	9.69	87.99	42.38	92.58	54.27	7.06	2.76	95.69	74.4	96.23	2017-07-25
TeiARjSrnE	87	2.35	56.63	79.04	38.47	10.93	35.91	80.1	50.47	21.9	84.81	2018-05-08
QNaiDEctjR	95	90.7	68.67	77.35	81.1	96.25	4.79	2.07	60.31	9.8	81.84	2006-05-13
YTVxxROPYA	28	79.38	48.98	16.53	74.13	47.99	47.98	11.66	70.2	95.27	37.58	2011-11-20
fwnFMBhOXb	51	10.62	74.07	4.42	66.27	78.41	61.13	17.31	6.34	63.09	90.7	2009-06-02
SGcNHZGCzQ	30	19.16	58.75	70.23	49.44	12.93	87.83	75.1	27.98	12.2	11.89	2013-07-11
aFyuMxKpcE	53	49.28	9.76	60.25	66.02	20.93	94.73	37.99	51.89	36.69	12.96	2004-07-16
sdjidJEBzc	56	52.13	93.23	74.52	10.12	25.56	72.51	43.22	7.63	17.89	30.25	2008-12-26
BgDMBZuDho	83	68.72	3.09	34.67	60.42	15.57	87.23	44.51	92.38	11.29	3.4	2016-08-25
XjJPkbzXLd	61	14.83	87.11	26.67	18.96	93.15	71.98	55.4	23.23	5.25	65.45	2014-12-26
gGJJrUCpLk	0	55.21	6.55	70.11	63.74	74.12	92.4	67.4	49.44	41.03	92.39	2006-06-28
paAsqvDFlL	98	31.47	64.99	28.91	78.34	7.41	26.53	21.55	58.62	8.92	39.7	2016-01-07
mhyjWUnSKK	97	12.84	24.13	0.78	71.8	9.43	90.47	82.2	84.71	62.89	29.8	2012-11-16
aEciLFpogh	34	86.97	54.0	76.12	38.13	87.86	68.11	70.02	99.51	45.11	15.07	2008-08-03
AvZmsNaKjk	83	27.82	86.38	97.16	96.14	20.58	48.19	2.24	20.75	64.48	12.93	2005-09-07
lvEFClyinO	14	23.79	38.19	18.57	86.52	86.74	77.88	25.15	27.08	80.91	24.31	2011-02-25
YYnKFLhSHs	79	80.39	81.21	45.57	23.61	39.13	17.47	62.12	99.46	33.06	68.85	2018-06-08
UIsOeoWpWQ	98	26.23	42.29	6.25	36.73	46.01	39.88	10.27	80.85	66.8	42.05	2009-10-05
QcxjhjOree	8	93.89	41.8	46.57	90.96	0.11	18.99	1.62	78.98	39.79	94.37	2002-08-09
MHCrsUVSPU	60	23.17	30.66	70.02	3.3	37.01	24.39	30.1	55.55	77.3	70.9	2023-04-15
KyFpOWorqi	28	81.18	91.19	25.91	38.36	20.91	87.55	43.42	9.53	31.83	22.78	2018-02-19
uLIpSMheVC	11	43.76	62.65	90.61	24.18	68.73	57.36	80.01	10.43	61.53	70.96	2000-02-04
CpzRJXDufr	31	85.17	12.21	45.9	33.39	6.83	9.03	78.46	50.25	21.04	42.15	2010-08-01
PfawsDlYxt	76	7.52	34.76	4.6	90.37	89.65	47.14	1.75	35.8	6.92	68.25	2009-03-07
LICKVgrcrK	59	34.54	17.56	50.12	13.28	95.39	67.74	71.22	97.3	82.08	60.11	2015-07-02
TpomTRlgGX	70	75.87	82.44	6.13	84.31	47.1	26.4	38.96	32.78	56.24	2.39	2018-11-07
hERiqHFJZd	17	40.03	79.64	4.45	83.32	26.15	90.59	63.54	22.38	44.08	99.18	2020-09-15
PAWWmMbdwo	46	79.28	53.37	70.41	14.86	89.22	8.14	25.71	37.43	39.95	20.3	2020-11-21
pwiJKLpVVg	36	29.77	76.28	77.11	51.08	21.52	17.95	11.22	87.09	77.48	66.01	2020-01-26
sQWghoPlfh	2	68.67	94.82	98.9	62.17	57.91	51.92	80.37	28.98	13.63	3.19	2012-04-27
CjmgOwpNTh	27	20.41	71.47	74.58	48.27	40.92	77.77	70.64	18.82	94.04	86.34	2008-10-24
dzLtOREAkQ	57	12.32	40.27	14.35	68.44	83.83	5.45	14.55	96.21	75.11	55.57	2019-01-28
BtaSRYMXyU	91	79.4	86.33	80.84	91.91	49.23	16.74	51.75	31.13	48.8	67.68	2008-11-21
cqjZbnkQtD	23	71.4	53.71	73.45	97.53	89.01	72.88	86.25	67.32	81.74	59.05	2000-05-20
CEMTsUqNYp	100	56.07	84.13	1.39	37.28	55.55	44.69	68.67	92.17	70.1	36.76	2021-08-13
OVCNUBSLPI	100	19.88	63.58	46.75	98.9	17.29	6.26	3.17	94.0	37.71	15.79	2002-05-22
NtbyYiaCeY	78	40.88	70.38	80.31	85.54	28.13	83.64	49.7	75.76	44.4	75.88	2001-01-24
MlAuVngGci	93	91.23	81.21	68.47	90.53	99.38	76.77	78.72	45.85	74.43	62.17	2005-01-11
DSKzjanDzf	7	99.9	49.58	51.25	98.15	80.26	53.31	90.71	50.21	58.62	55.74	2023-08-23
UwnCcWXYxQ	7	37.17	56.48	23.94	73.33	69.26	62.36	90.55	33.31	43.83	43.36	2018-10-19
TtzSjIYPVC	1	18.84	27.66	11.78	54.52	23.65	55.12	35.36	27.8	78.39	52.05	2012-12-06
fRxEjKTTAS	67	92.23	32.74	71.6	34.64	15.12	73.13	81.83	97.69	73.25	71.79	2015-01-11
nNQqlTKjQu	6	86.69	26.61	51.23	71.8	33.84	51.8	80.69	3.06	69.75	33.19	2019-02-22
yKihWqtjbt	1	80.91	20.3	25.19	26.43	16.16	81.47	82.86	35.54	66.39	72.78	2017-11-04
IzeopfGtOo	56	86.13	2.71	80.48	35.36	5.78	99.62	94.07	26.22	82.91	45.84	2009-02-23
VQFrxkpOeE	3	58.02	64.52	13.66	57.74	72.6	72.49	14.01	90.47	37.97	67.87	2012-04-26
jQvlhhwuMg	8	6.61	83.64	41.18	94.23	4.92	36.1	86.34	41.34	33.02	11.1	2000-07-25
mWRuFMKLok	84	59.12	94.85	96.1	90.47	10.34	93.79	15.91	52.24	19.76	27.19	2015-01-04
GbSjqlhIjG	2	51.57	79.75	95.82	44.75	53.77	78.61	41.43	90.0	53.77	74.99	2004-01-23
pxXfQrlcYb	49	20.9	87.34	46.54	27.59	63.9	26.76	12.5	99.94	24.24	13.32	2002-07-26
eOBptySRDY	15	28.76	40.24	3.06	77.09	48.93	14.98	95.03	89.5	11.68	51.07	2003-01-18
amKlQJRyls	96	36.14	80.57	93.86	17.22	11.65	54.36	95.93	42.2	95.41	95.3	2012-02-27
MYIyXzYvXR	69	84.33	18.4	89.01	38.21	69.51	48.82	47.19	37.22	98.67	26.18	2021-03-13
mKJJVphOsq	42	37.03	51.79	4.71	69.46	3.36	70.72	98.72	0.46	29.78	8.4	2018-10-18
gkPwxDfwpb	90	74.61	3.14	14.78	72.59	62.95	16.1	45.07	60.63	91.14	15.29	2013-11-25
ILEdjKRjdn	59	55.74	71.15	65.28	88.44	77.85	25.14	41.1	22.07	5.69	22.44	2004-03-23
rrwxlNUpxA	86	59.86	18.07	33.14	41.53	84.27	52.61	50.35	5.28	59.98	93.38	2016-11-17
RREDSgTUiU	70	93.47	2.53	18.78	53.15	69.23	71.93	67.56	85.1	76.02	57.97	2012-06-04
jaytWadGgs	99	67.39	85.5	51.68	13.54	31.63	81.06	38.04	67.16	93.2	97.44	2002-07-06
CnfkvmmdpF	38	70.95	74.54	47.07	18.96	33.3	50.45	60.48	53.48	66.22	20.24	2001-11-07
KnltwGJrTz	96	30.71	53.25	18.45	37.8	98.55	47.56	77.13	55.37	62.59	16.87	2009-04-17
ezzYUpPePU	42	30.11	22.46	81.8	61.65	83.98	88.85	94.72	69.66	27.14	40.57	2001-04-01
puFkjjDtme	10	85.91	17.64	45.67	38.92	24.32	88.24	73.85	17.26	3.13	56.6	2022-06-15
ddEKYwDcVu	4	45.09	82.44	88.56	16.16	35.19	34.27	5.81	62.7	97.74	31.32	2008-12-13
SHqgdFItkA	8	39.42	96.9	74.8	21.39	68.49	60.82	10.27	36.96	71.43	70.58	2016-06-22
gyQgyOGjFR	24	37.28	44.99	59.97	50.07	13.98	48.16	74.13	15.27	66.93	28.19	2018-08-28
UpHeOKrWLT	37	28.41	88.45	49.22	2.53	81.31	3.83	15.23	64.12	37.78	45.66	2000-01-21
aqjQITMwFM	31	37.59	59.62	41.02	15.48	94.5	47.84	77.25	51.19	53.5	22.98	2005-02-03
BpruiqLXqU	25	75.6	5.01	13.32	74.68	53.02	52.09	80.79	86.75	25.17	71.3	2002-10-14
VEaRJyaycs	47	54.62	85.33	59.1	48.06	16.24	36.08	47.02	92.23	31.37	63.44	2009-08-23
NqTrRRxZmj	27	63.92	38.14	77.22	66.93	95.75	5.23	24.21	68.32	83.82	58.23	2016-01-13
LacjESZFab	95	94.17	22.58	9.91	15.08	4.36	84.68	66.98	8.34	31.18	23.41	2011-12-08
bzctUFYYXs	12	12.98	53.15	36.14	62.12	15.72	65.31	23.46	47.55	23.29	9.77	2022-06-01
XRelNdbZIZ	13	38.88	20.67	8.34	89.74	31.89	41.91	25.54	40.13	58.02	84.66	2018-03-26
YcJxQokCdI	4	20.62	73.91	31.59	47.48	70.15	80.93	42.4	98.23	19.58	35.8	2020-12-05
RRBPCImkoX	0	91.74	26.46	3.9	21.05	96.93	82.0	55.19	93.15	4.16	23.45	2013-12-18
MaoptBlaLh	74	75.34	59.37	33.66	56.62	13.18	71.85	40.46	40.89	70.91	31.99	2013-03-03
AmavLXLyxx	67	38.63	68.91	92.17	66.67	86.18	62.8	10.3	9.32	59.75	48.95	2013-10-07
wOsddOUZJU	66	27.29	71.56	84.52	72.5	53.68	3.87	7.95	51.48	36.92	84.64	2007-10-09
BuqqaXpSFN	74	52.93	93.01	52.0	52.42	25.28	55.21	30.72	65.62	67.89	66.37	2018-01-11
CVcFaWPvrI	69	82.81	78.54	94.25	82.02	2.72	37.7	25.71	8.96	93.21	9.97	2007-01-22
JxTISpxDZp	61	78.1	34.66	15.16	64.95	53.35	55.74	91.02	99.35	2.38	91.22	2018-02-07
OlWzIRagkU	0	63.7	42.88	96.16	17.7	43.6	92.47	30.8	51.93	44.16	46.08	2004-09-22
yacpdwGSuJ	46	91.89	0.16	47.19	83.54	5.17	96.69	61.59	66.38	0.85	13.14	2013-08-10
iOxXqLTLEd	57	76.33	25.97	29.05	92.5	48.78	51.78	54.26	67.2	54.73	39.13	2017-11-17
solrTNapYc	97	37.18	26.26	25.34	24.64	75.88	77.6	53.22	59.06	9.28	64.12	2017-10-28
GDJnQjFoNo	93	24.65	56.31	91.98	18.77	71.83	74.77	31.78	50.77	21.33	33.0	2001-11-15
SOjvspvRaf	87	47.8	51.35	58.42	98.75	89.24	4.03	65.34	54.62	35.71	20.47	2003-02-12
mgLjbmqEnl	46	96.92	22.16	19.4	78.46	24.49	41.96	75.96	47.56	19.18	20.13	2007-04-09
OOBxnaMPxv	86	24.28	34.45	12.28	16.4	47.51	1.71	9.5	59.88	95.57	79.48	2023-08-07
dtQLLKukWI	7	74.91	69.44	73.5	3.52	91.36	32.46	73.67	47.51	40.64	42.64	2002-03-02
YLwxOxHGxY	64	20.53	1.78	77.92	3.34	68.18	31.54	22.06	34.94	42.74	7.23	2023-07-26
sZNvwJIuYd	8	13.99	11.34	54.42	98.42	88.85	18.99	43.72	38.21	83.45	96.92	2020-03-23
QMKHXHjXkN	91	82.57	61.08	80.3	19.71	1.14	77.95	44.86	9.53	3.94	42.39	2019-04-01
qbdETMrzmd	22	3.53	26.7	76.97	18.85	40.28	77.91	48.42	51.33	55.01	54.42	2005-08-27
lIYgGekBiE	32	57.16	84.69	64.32	19.81	15.65	6.7	5.34	54.45	62.14	3.85	2006-01-12
UJJANJygna	100	78.19	42.41	67.76	9.69	30.99	9.32	52.14	37.81	74.82	45.9	2001-02-24
dnqEEyRWzT	23	19.84	64.79	27.62	69.46	65.24	47.5	4.68	87.97	81.01	92.64	2004-06-20
TdTimnmqim	0	61.22	73.53	4.18	69.48	48.37	3.67	79.92	61.13	82.02	84.53	2019-11-25
VyxkgKercu	91	28.93	44.69	49.21	54.64	50.67	20.4	46.95	15.61	34.4	40.24	2016-04-23
cORWULJlwj	97	1.12	32.84	56.89	7.29	46.02	53.33	98.84	62.5	32.05	16.26	2000-03-19
zzpEBXGjOw	13	9.78	33.73	76.33	0.71	96.42	44.89	50.22	40.74	93.53	67.15	2005-10-07
fovdTXGbHN	8	80.17	23.1	98.81	28.72	29.75	33.83	82.89	86.86	79.48	31.27	2012-07-02
IhfaJBhqHZ	58	94.65	50.29	5.38	56.4	64.46	85.67	90.57	6.96	26.11	7.25	2019-07-18
sYftctAEFE	33	32.33	58.05	72.7	38.59	9.32	75.89	9.04	43.15	79.39	91.41	2017-08-22
hIzjYxGyaD	92	37.58	73.63	40.99	41.18	45.15	99.87	68.47	25.21	67.42	32.54	2003-03-21
tcnDpaYkdF	30	7.98	30.75	42.42	2.62	11.85	33.2	85.84	83.83	43.97	99.6	2016-01-06
hjLVVLOUVp	69	21.07	52.29	55.19	21.27	67.63	2.54	12.89	76.35	67.21	62.9	2018-10-06
xkZNxltQji	83	92.3	43.7	52.51	67.69	95.61	3.72	42.58	6.42	52.23	96.78	2011-12-11
ZLLRYZtYou	33	96.52	22.32	46.24	64.13	56.87	30.82	0.94	70.8	5.27	66.19	2010-05-20
nPLhUApCAb	70	81.92	38.88	10.75	89.24	7.14	95.75	21.96	37.26	74.99	27.41	2020-09-11
oWXNgwYNQe	75	94.39	59.41	53.97	91.84	0.49	50.2	49.51	86.19	86.83	94.31	2022-11-21
kYtEfiufgG	40	2.24	56.0	16.48	42.65	16.33	1.21	60.3	66.63	43.19	81.54	2023-01-02
CvDdvbivGq	45	40.29	92.41	54.52	63.25	44.63	36.39	35.21	19.14	65.84	73.4	2012-01-01
ECJBTTAlzC	82	94.11	41.64	19.8	24.65	1.29	68.59	76.96	11.46	57.18	9.43	2020-03-05
dyJqhAxfvV	98	69.61	48.71	96.16	66.16	73.63	17.91	65.35	46.84	96.8	45.46	2018-03-14
WIxGNdlBHA	38	88.94	21.64	40.12	16.55	84.3	57.41	55.14	45.71	1.52	11.63	2006-11-05
SAiirgSzjr	37	49.05	21.7	64.71	46.35	48.87	9.78	67.26	39.53	69.23	23.31	2011-11-11
EjPCcEtkqD	60	5.64	94.76	47.57	88.58	4.05	58.63	27.87	66.99	21.32	24.38	2006-12-07
bWkUPHIYNd	0	27.68	30.25	21.43	19.2	96.09	60.2	2.93	62.36	81.31	27.12	2005-03-22
AbBdJxjDxb	0	77.64	23.34	83.57	17.37	24.32	78.59	77.69	38.55	59.98	19.87	2004-01-09
TuKTRDHlqi	32	2.34	80.5	62.39	18.35	70.22	50.39	80.35	99.22	38.35	54.13	2016-07-18
IvXQAqPBfN	67	28.64	95.17	88.99	26.6	24.12	99.86	6.17	72.24	55.15	13.55	2006-02-09
JCiiRTJPfk	28	37.13	37.62	78.04	82.71	13.65	51.9	10.56	38.4	1.73	9.85	2011-05-05
NLkCyIpYRH	63	67.15	51.07	99.72	21.24	87.14	24.73	68.72	65.31	80.1	39.75	2011-08-14
yBNxLnrrdV	32	51.95	39.62	95.39	20.4	20.87	31.54	98.7	35.84	41.26	43.49	2011-01-25
WneaXFCuyt	37	87.67	9.73	80.06	94.63	70.69	23.98	6.9	7.18	3.6	90.46	2001-09-20
AvfQWJSWve	51	12.36	33.38	0.05	70.58	94.43	59.04	81.74	30.11	98.99	5.64	2007-09-10
PLhzdOxCEp	84	35.97	4.4	87.07	69.24	33.1	96.62	81.2	96.96	95.26	53.78	2015-05-21
kdDZixNfBK	91	95.83	64.1	3.89	47.12	25.07	41.1	33.78	39.36	32.85	86.12	2013-11-18
OyVEnpretL	3	80.67	28.11	49.5	59.86	48.2	91.47	88.33	1.03	65.43	91.2	2012-09-23
CXOsEfQPRv	8	52.25	18.81	22.3	39.7	61.16	0.74	16.81	13.2	35.51	74.45	2005-03-07
eOxmlGQzeR	86	19.32	31.92	92.98	50.22	57.33	75.14	96.33	8.25	10.42	72.4	2010-11-05
kGJfEdEFpt	29	48.93	89.58	1.51	69.19	78.39	93.2	92.4	6.4	30.71	64.39	2006-09-09
FzqWhMJpNU	12	5.53	55.72	54.45	8.89	96.4	81.05	47.83	92.44	58.45	98.04	2006-05-05
wRmYSpahXZ	34	5.08	5.17	48.97	82.56	31.55	2.24	23.74	75.91	52.84	53.01	2009-03-04
MAHUKTFGIt	21	18.6	20.13	50.17	88.52	44.13	77.58	34.28	44.75	25.15	84.26	2005-11-05
BQwYKlaYsN	54	71.22	9.93	60.68	32.57	71.28	1.36	39.86	39.54	42.81	54.49	2018-01-04
yNrmLPozZH	20	18.02	48.35	41.6	21.14	51.2	25.82	26.88	70.32	26.06	73.88	2021-06-04
HODQZremFh	56	81.22	98.3	58.53	41.55	8.84	43.68	21.15	32.55	61.84	9.2	2009-06-20
MjkiDQMDMQ	47	12.12	64.55	19.93	42.54	85.39	89.1	21.14	34.74	90.32	7.73	2011-10-06
nGksrBfAyf	46	9.87	7.26	45.91	55.13	67.97	83.48	62.53	80.47	5.73	97.94	2013-05-06
sduWcjJibc	84	38.93	79.91	32.01	32.42	58.2	89.87	24.38	87.53	50.74	22.5	2014-11-22
zcWDhDrOdp	14	65.65	64.53	85.28	60.96	31.88	62.84	77.92	0.64	47.67	15.06	2009-12-10
LsVarTxpuH	48	46.9	75.92	86.08	85.1	55.72	99.81	69.97	67.72	64.12	75.44	2018-06-15
BSVKtxwZQz	15	10.99	47.03	71.08	15.01	63.84	36.43	62.68	57.0	83.07	49.56	2008-09-01
MUOAMreJow	28	61.38	38.95	94.23	39.85	64.74	26.05	59.86	66.66	74.99	82.13	2011-12-20
nHrXKJQMDM	16	62.01	51.66	44.09	76.7	60.68	97.08	21.21	45.93	90.57	15.96	2011-06-21
ofUDBuhDwF	41	21.32	43.2	89.32	35.1	4.11	26.2	49.9	7.16	77.53	35.65	2011-12-07
ONnVJTxcMS	30	18.25	80.17	99.0	2.28	82.66	53.8	97.67	97.49	22.33	28.15	2021-01-24
bfJUnQapvI	40	50.58	90.65	85.96	9.16	60.96	57.68	67.67	52.74	3.09	51.04	2006-07-27
kDtdEzNvJs	49	51.43	92.47	24.45	31.51	74.17	37.07	74.29	13.74	18.31	3.19	2017-12-07
cKWFAiyIsq	25	97.77	68.62	2.74	20.89	29.44	65.49	29.34	32.29	42.49	43.77	2011-05-17
vNgKfAytil	74	55.77	47.53	5.46	80.92	34.8	36.64	50.46	73.32	31.53	74.4	2014-10-21
PXviJauhLk	24	30.4	54.07	20.47	26.23	79.11	21.64	13.9	22.75	87.46	62.46	2009-09-04
rGBTXIjXzC	68	19.96	37.19	56.08	12.75	64.56	56.27	17.96	24.62	49.52	13.16	2014-02-01
VkSqptcsCX	41	9.24	75.99	30.86	32.15	30.34	92.66	72.84	82.14	70.48	31.52	2022-07-03
enDygByCFw	29	1.18	94.42	23.37	29.46	50.96	45.69	56.81	7.23	36.62	92.06	2015-01-06
unjIlfsKIH	57	7.03	42.35	91.84	99.58	47.53	78.44	87.51	30.09	68.86	55.33	2014-06-21
VGGOiJYGJK	19	60.64	91.38	55.36	73.96	47.38	96.66	2.88	94.11	98.96	57.3	2020-09-22
NSlZWgFXjl	65	88.79	47.57	60.44	87.82	22.8	1.02	5.5	95.63	7.12	16.91	2007-04-17
kVpBiyucvd	36	81.05	49.12	4.9	25.9	37.27	88.13	34.34	18.97	52.96	60.93	2011-08-18
xYUMyALzYZ	80	62.38	43.44	3.22	62.87	39.67	15.06	90.03	41.86	76.88	44.09	2021-03-27
auXQbPLmmR	31	27.76	44.37	40.3	45.11	97.55	2.3	74.16	3.43	88.09	2.8	2014-10-04
gXCNRyYPqn	4	30.47	13.91	60.87	37.32	80.83	92.63	44.83	77.63	17.27	96.92	2003-04-25
aMnrpMYDOC	91	70.8	38.56	68.11	70.87	57.22	0.96	78.2	92.02	55.22	18.67	2019-10-14
rFXlIJNQSp	2	97.8	45.53	95.48	80.19	5.04	70.53	58.45	13.69	53.9	3.01	2011-12-28
uHZggIgZAw	44	58.19	72.87	75.03	19.94	74.5	88.0	27.45	51.53	50.28	16.13	2001-07-10
iPPNjeiKDv	27	36.11	30.08	85.33	43.33	68.66	20.82	5.85	89.99	95.0	20.88	2005-09-13
YszhhvRIRS	97	14.03	19.95	22.31	96.22	1.78	52.32	28.69	76.28	49.19	99.28	2006-03-27
jWmTJShMnL	23	41.78	8.01	5.24	12.56	76.6	4.63	75.25	13.02	97.15	92.04	2023-12-17
ulaOngwNRt	35	5.59	30.34	76.79	97.82	7.51	77.65	25.75	87.68	34.63	94.31	2020-02-27
DiJjzFcqBa	71	71.45	73.36	60.42	75.67	86.38	96.23	44.48	84.05	99.89	66.9	2012-01-06
hANuiWrqxi	15	77.94	32.06	79.81	13.28	95.01	30.42	41.22	47.91	88.76	6.12	2023-10-19
oAmpzzvSqM	20	4.22	81.28	14.1	14.53	37.52	44.07	80.63	35.75	11.41	76.48	2000-10-25
nFHrPkhEah	96	12.97	25.61	68.45	5.42	93.67	30.78	18.61	28.77	14.26	69.16	2011-12-15
LrXAHSydlz	26	95.0	8.03	98.51	65.79	72.5	35.93	90.49	62.19	37.39	26.45	2011-05-05
zXTgHekltu	60	75.22	8.52	46.25	58.71	27.03	5.98	93.57	89.63	40.09	7.45	2021-12-05
uzbiwEFXRT	40	83.7	7.23	67.65	29.84	86.91	33.64	73.07	39.17	83.88	27.76	2019-05-10
buZAlgOmJP	40	19.91	81.3	51.27	74.82	32.57	51.92	83.38	79.72	59.24	76.59	2011-02-12
QBSHfcKGUz	20	17.4	92.12	53.61	9.26	16.06	42.74	18.55	65.21	83.51	41.37	2003-02-09
ZVJCwLjcip	36	66.49	84.36	69.11	29.58	94.52	4.98	14.07	64.05	33.22	17.5	2020-08-10
cqoyrSPYmt	32	46.72	63.99	92.27	14.97	92.45	3.7	5.24	0.39	21.44	43.55	2011-02-22
UHoSRvbGGk	72	55.13	45.8	80.3	79.24	27.46	11.24	19.54	54.18	83.9	96.87	2009-03-18
kZiUALjrjC	15	34.77	75.02	94.19	35.81	5.33	76.77	36.15	87.71	80.78	29.85	2003-12-21
SnOAhyIKGT	70	74.94	37.97	8.71	10.32	61.15	91.45	83.23	97.38	21.28	3.84	2021-04-10
GgYGoFsVUA	32	49.18	44.65	26.79	43.61	92.04	88.46	87.29	23.45	25.02	63.7	2004-10-03
rQXocBREDK	67	38.48	89.26	9.89	61.11	90.79	42.59	42.72	80.17	41.13	51.67	2011-06-03
pPmKzZTXBV	92	46.22	77.2	12.33	25.48	3.95	52.77	88.31	42.52	3.18	2.24	2015-06-28
txxbTwUSsj	77	67.3	72.58	50.38	61.68	77.63	48.73	75.46	85.01	42.14	28.39	2008-04-16
doEMdFjjWS	87	6.08	68.67	86.34	46.67	41.27	89.09	41.4	73.54	73.68	35.96	2017-09-04
xHFOlrxtbs	24	14.46	13.88	47.22	9.54	44.31	36.21	20.9	5.57	81.28	82.59	2023-12-01
NWWRsybUcr	54	44.71	22.05	71.4	38.59	21.07	90.5	77.73	86.09	95.07	88.49	2023-11-17
yBgjGBHAek	31	86.68	72.47	29.51	53.51	87.16	37.81	37.35	83.13	18.8	95.65	2007-12-06
rfUnnVDieS	64	10.12	8.94	20.48	16.98	30.83	94.53	33.35	96.24	60.84	90.98	2014-04-19
HYutzYBcHC	10	64.35	74.62	58.15	53.97	77.1	25.64	22.45	2.08	88.72	27.65	2000-11-19
TtSYEJCvkn	32	1.26	20.72	60.54	21.66	21.9	28.17	77.61	28.87	59.74	79.24	2000-07-19
SRbvkGWHcz	41	57.09	52.64	12.56	79.35	70.92	75.17	53.87	56.48	63.12	47.46	2005-12-14
QddmjRYcFQ	29	45.8	30.19	28.63	49.12	79.5	62.46	43.05	71.97	37.29	84.49	2007-07-25
tYJJCdohtM	12	60.52	9.89	74.69	23.72	65.55	11.56	87.23	59.64	99.09	84.46	2006-08-22
EXEDNgooeX	20	41.35	34.89	39.97	15.06	57.94	27.78	9.65	70.78	89.77	8.85	2001-08-13
WNkHruxlkf	61	20.68	35.45	37.46	46.36	54.75	18.91	50.5	50.66	28.14	43.02	2009-09-02
xJFuftltPI	86	67.97	29.74	88.34	83.49	51.06	93.1	12.94	67.06	37.57	68.27	2003-08-20
ToPMrOnQOr	78	56.07	13.42	84.06	50.88	13.24	75.75	78.55	1.57	58.13	71.3	2016-06-26
gByNBlhBiB	63	71.15	82.32	15.04	43.22	39.57	7.24	53.38	24.55	69.62	95.8	2018-03-24
IXHCMppKsL	58	63.19	79.17	29.58	88.64	24.19	79.86	53.39	48.83	26.75	64.41	2010-07-15
HVVNkGyUKX	4	74.54	91.79	25.31	33.54	91.56	80.37	41.75	48.51	14.64	0.83	2009-06-15
XoBiYNGEqH	89	20.11	93.98	2.46	93.25	28.92	12.44	23.6	58.04	24.85	61.93	2009-09-08
ViSJbREnZg	3	16.63	15.74	16.37	12.73	23.37	22.85	70.39	39.36	5.24	66.92	2000-08-10
gHliKMklas	80	26.25	18.97	14.58	16.47	61.35	79.94	86.03	35.66	70.59	5.61	2011-04-15
OWRtdAuogS	88	21.03	15.79	25.24	16.45	89.75	9.37	88.74	46.41	83.16	27.23	2003-07-19
ZiVxSsJQKb	26	19.11	62.86	65.69	70.89	70.24	40.48	34.44	9.85	3.55	31.63	2002-06-27
BKBRJZNLmw	25	40.86	27.8	81.34	39.05	10.0	6.08	95.47	94.77	49.09	99.53	2020-06-25
JDXhDdayaz	12	61.33	0.14	34.43	64.59	11.76	63.23	79.64	76.47	86.13	81.7	2019-01-04
ijPnFVyEKX	7	26.01	75.31	73.57	32.24	3.11	92.24	65.57	31.09	29.05	8.62	2013-03-17
lwUEdFAAuy	88	48.34	86.82	30.67	49.96	96.99	9.4	48.35	86.51	9.51	68.75	2016-10-06
hcSMMvsKOI	7	50.97	6.98	92.22	33.11	62.6	46.57	26.2	93.07	27.85	50.7	2016-10-05
SocHmdlMEr	78	67.85	84.51	2.75	85.21	50.83	2.63	97.87	8.33	82.11	62.55	2011-06-27
OWUWfANyZb	48	28.0	0.2	89.97	37.55	26.27	33.34	89.03	32.14	55.93	21.75	2009-07-11
vpjjFvcaEN	7	9.64	37.53	53.57	4.34	91.02	64.84	87.28	94.88	38.85	42.15	2013-06-23
fhdReJMsQb	97	64.11	59.11	16.38	46.44	1.69	21.2	72.85	79.26	69.56	83.02	2020-05-10
eGdcNtQlsH	61	75.91	64.97	0.32	12.26	87.89	30.24	8.83	52.11	64.78	19.7	2012-11-18
iMQHqqAvua	10	95.94	24.59	58.89	62.5	43.27	36.68	30.41	68.9	59.77	60.02	2023-02-09
cGkMlucTpY	25	41.24	13.52	69.36	93.13	46.96	59.64	53.72	97.7	72.83	23.69	2019-09-09
VqdMzYxVGa	95	92.95	77.01	89.06	5.89	1.69	80.65	6.23	79.51	53.21	52.33	2009-06-24
YnPRzWCxyW	99	11.99	3.4	18.84	61.6	33.62	37.89	59.58	29.36	9.59	86.67	2020-02-02
TjlkQLpgQv	97	50.93	67.15	3.1	13.05	50.78	91.21	64.23	19.89	96.89	42.5	2010-12-16
HJfyZxmHpl	16	76.75	85.73	18.04	62.65	11.37	71.72	66.94	70.74	1.68	21.02	2014-08-09
qTzCTKPnIs	13	50.04	23.47	46.1	23.6	88.28	99.75	50.74	7.72	64.99	8.77	2021-04-22
uEUJcvrvBi	7	64.0	52.4	28.56	89.29	0.57	23.13	7.51	13.49	10.02	24.84	2014-12-16
ifWbMhgpcE	56	64.29	1.3	34.37	38.44	4.93	45.68	35.12	31.78	72.85	67.05	2022-02-21
ETMPIJbHFT	53	58.08	88.98	84.15	33.11	99.06	28.32	39.39	98.86	99.95	21.8	2018-12-10
gpkRtWUGmp	96	84.35	7.41	42.39	64.86	55.85	38.7	92.98	75.11	78.32	52.88	2018-07-05
skIFhfBhII	22	64.03	55.26	0.66	52.21	1.11	28.29	46.66	79.18	81.62	29.84	2004-06-15
JqfjgqWSlu	64	84.81	99.61	20.93	23.49	8.21	67.89	55.23	30.99	52.03	48.24	2018-07-20
oGZyXjjDRz	23	81.41	84.16	6.55	90.42	75.45	73.39	55.27	41.56	94.54	48.85	2019-05-08
vJrsFjptqH	50	42.53	10.6	58.18	64.35	15.8	77.57	28.66	41.02	39.94	28.82	2017-05-18
iWiZBWRIot	100	47.97	1.63	94.82	29.48	9.74	16.41	93.16	92.9	88.12	22.97	2020-09-25
sAgBbqMVrN	12	81.33	20.32	84.32	39.4	46.16	64.09	88.33	59.46	62.6	34.24	2021-06-21
pbGlFnAKjR	75	57.19	21.79	35.44	47.04	35.68	47.65	55.82	42.76	62.71	77.35	2015-02-18
IqejkkcavD	92	14.41	58.28	27.41	64.64	96.96	4.54	38.62	93.75	7.36	33.38	2017-05-13
FYVSYzGOYQ	65	13.74	89.95	9.05	96.68	16.06	49.96	85.1	93.65	88.61	51.24	2001-07-15
qizQuuUsnI	64	27.15	42.59	8.94	66.27	19.7	27.36	83.58	35.03	99.35	97.36	2008-11-04
SQQDwXHEBI	6	13.63	59.35	18.66	61.39	18.87	88.88	48.16	55.13	44.29	43.41	2008-10-28
wolKRQiUyr	28	87.29	67.74	35.33	47.88	24.12	42.31	21.62	99.28	1.51	9.75	2011-11-28
UJNOmYIypU	48	25.87	6.54	75.3	60.12	72.13	89.74	39.77	74.34	18.47	75.57	2013-01-10
rJfJkmFKUI	89	95.93	86.88	10.72	88.64	97.51	55.85	48.85	82.11	72.39	97.36	2010-05-12
IZnsvQTbmV	7	8.82	1.42	62.1	71.14	51.51	67.46	95.74	64.89	29.7	71.88	2009-11-24
cQIEweWcDT	58	85.15	72.97	75.37	36.37	3.55	6.11	76.61	12.19	63.7	91.19	2001-07-01
VIibtJghiC	95	81.32	22.32	90.52	45.73	79.75	12.32	26.17	94.94	36.29	77.44	2004-01-14
iSzhGMNHpr	67	89.56	1.05	97.33	91.85	17.53	26.39	92.54	49.8	45.93	64.7	2018-03-26
OAISKohDZu	73	48.37	41.6	26.24	57.84	71.37	51.63	4.84	7.29	50.07	63.75	2005-04-08
BVajzeOqLJ	16	43.57	13.17	6.93	78.17	26.15	55.81	60.67	97.64	64.9	30.31	2015-07-11
JIteOiAVSM	27	16.33	59.13	7.87	68.3	0.67	39.95	65.8	56.3	87.42	9.24	2017-09-23
yqaLQIylTr	75	89.98	54.37	84.8	2.65	68.15	92.27	93.74	69.84	69.09	24.64	2000-09-18
cBHDXBqZFl	21	46.3	10.27	76.62	97.91	37.2	78.48	34.71	90.4	33.23	90.17	2004-09-05
awCEffBYKb	90	4.91	99.98	33.32	96.25	67.11	12.43	27.84	59.82	27.45	95.06	2016-11-21
DxBpiSvOuk	29	7.59	60.34	8.11	89.62	42.27	90.12	53.79	9.05	74.78	95.43	2015-12-11
wfpSUotqOX	86	89.84	28.78	70.31	83.36	65.83	39.34	23.22	67.86	33.42	16.02	2023-07-07
KlUSmokSaJ	100	45.49	78.39	73.93	22.5	0.04	52.68	12.01	3.53	43.58	97.96	2020-03-12
rfhbVinJkd	95	55.7	48.23	12.27	74.96	51.93	97.07	25.05	37.83	41.91	62.73	2009-08-05
bfOcRNhpkN	6	0.61	19.12	39.54	56.2	76.51	33.08	34.06	2.61	50.51	88.42	2010-05-17
whDvvIlCqv	28	64.38	79.78	94.76	94.44	61.82	35.14	22.76	80.02	31.59	75.18	2008-12-06
bdvoGmeZPx	66	60.0	55.11	91.77	75.1	86.43	45.75	2.94	51.15	65.55	58.4	2002-04-21
OgSqymzgom	58	39.08	29.38	63.86	33.41	66.4	8.38	22.67	63.87	50.34	88.87	2021-08-23
RBFUzzYURI	55	34.86	39.59	30.09	55.18	69.81	3.26	71.75	48.01	40.69	11.47	2007-09-25
FyJdJcGykf	3	29.4	28.16	32.48	89.35	58.12	63.74	40.94	53.52	42.39	52.67	2007-08-27
NSBNiDtwvr	18	79.91	15.49	61.96	83.4	81.84	48.2	79.89	38.24	25.89	19.11	2020-01-06
LLgSwtihso	40	37.94	66.66	14.35	88.23	10.69	79.28	36.44	45.55	43.83	37.13	2004-07-24
bUFmiHInvL	20	5.31	90.02	85.26	64.19	67.28	89.43	20.26	54.76	5.69	39.45	2003-04-10
vMUSALWLLX	85	8.12	75.61	75.1	2.05	45.95	25.61	72.4	23.11	27.55	90.49	2002-07-27
CXGBKbdAuh	42	22.9	43.75	98.94	85.81	27.3	14.01	26.24	65.91	50.1	54.54	2017-05-19
YYoJYnBJLB	65	46.09	13.87	14.67	49.64	69.57	96.91	55.41	13.64	50.01	74.67	2007-09-24
RWTYBkDZLQ	100	26.55	10.35	33.98	34.98	14.03	92.99	62.46	57.3	39.74	8.51	2010-03-13
HRGmoXMmlj	8	89.28	84.15	21.66	72.0	5.65	22.16	85.18	13.43	23.58	90.84	2015-03-08
LAsyOelxYz	92	36.66	59.03	86.39	87.11	40.3	34.77	83.13	77.73	64.11	31.71	2012-05-24
OZimSqyuYg	27	69.02	63.2	12.23	10.78	51.42	13.87	17.7	1.96	81.99	47.85	2007-02-16
sRxmsMDhYd	60	61.99	50.39	6.52	49.62	9.76	22.63	44.16	99.74	24.65	62.57	2010-08-01
pqJtnfBynp	69	51.24	77.2	69.17	22.0	21.14	43.83	38.31	64.76	16.85	7.43	2023-12-07
VkMsWxpvQv	97	67.76	31.71	8.44	25.9	60.57	91.98	46.55	27.6	88.92	44.8	2001-01-26
LKhobXnVgc	78	98.65	88.09	79.08	71.43	76.59	45.8	72.03	64.74	4.39	51.53	2022-08-04
ANluIVgwfo	24	65.78	97.13	54.12	9.77	39.43	34.26	76.98	1.5	12.09	2.03	2018-03-14
ufghNkBwpg	82	38.29	2.78	72.9	17.11	74.67	88.75	19.96	21.71	43.43	12.62	2018-07-06
eRTlIrNuuT	95	88.47	41.27	70.78	96.06	58.13	7.04	28.88	37.14	90.17	48.29	2006-04-09
XzYcWvtjpJ	100	98.01	9.83	47.55	17.16	40.84	85.92	94.29	94.62	6.51	23.94	2022-08-07
PUfQvDYAHP	48	16.8	89.31	38.03	21.39	7.21	82.17	73.25	96.52	24.22	65.82	2017-02-01
rmqocwnKBn	65	65.12	82.6	37.65	13.8	96.28	8.16	9.28	17.71	28.35	37.09	2004-11-07
mwCVNqAMeU	43	39.56	41.57	5.82	75.3	78.24	63.37	57.33	65.07	74.1	2.33	2010-04-11
tZRACetDab	94	47.47	62.25	79.48	98.76	38.9	87.81	77.87	50.96	22.67	54.73	2003-09-24
yjkXJDynxj	3	56.26	27.62	57.26	23.61	38.18	72.86	74.9	72.57	48.9	95.41	2005-10-22
UFzVxEFnjD	36	41.43	42.82	21.68	21.79	71.76	23.24	84.25	50.73	95.17	89.15	2022-11-24
aKkAtfLTMC	14	61.17	77.75	12.46	22.28	44.61	92.45	35.3	43.92	78.51	77.89	2012-07-21
lAxMfWjYgT	44	18.6	63.99	98.93	44.52	15.66	50.08	76.18	49.03	82.36	53.2	2021-03-03
DZidrhlsFW	83	44.79	5.56	45.84	82.02	84.67	40.22	34.04	71.64	10.23	13.78	2002-01-17
IrypgIInge	24	31.45	14.16	33.13	72.01	8.96	4.26	42.62	16.18	89.1	31.99	2009-08-24
zyFIwWpkAt	52	77.29	18.05	14.43	64.76	98.49	43.62	4.7	71.53	5.15	89.7	2008-01-22
vKFuukYycm	18	8.27	13.03	39.83	1.75	66.59	26.79	89.41	31.9	88.72	1.57	2015-08-02
fUUaRtQnai	92	7.32	45.17	0.9	30.82	70.09	85.91	21.35	81.3	50.44	34.25	2017-12-20
qxqdKYgeXM	39	81.43	2.52	94.97	91.17	93.79	24.56	67.2	74.2	23.59	6.85	2003-11-22
ihAxIUBQnh	15	74.08	5.46	69.17	75.32	21.3	9.4	65.4	92.56	66.48	38.99	2012-09-13
cQjsNJaBwV	29	11.38	34.07	1.0	64.63	66.68	4.48	62.51	40.08	60.76	54.17	2015-11-22
jZiRGoaenf	47	46.84	8.1	86.8	9.92	66.52	18.88	57.56	47.24	95.59	62.07	2016-01-10
pmKxVpRiSz	11	25.48	88.57	76.56	13.11	39.53	38.6	87.94	68.29	19.73	15.41	2002-03-17
ZHsIifHvtE	14	31.34	17.47	9.61	5.02	33.62	40.8	53.49	56.78	64.72	33.04	2018-11-12
OwVVggSZze	91	13.81	78.36	0.64	11.78	86.8	81.83	94.46	16.33	76.88	16.53	2009-01-20
HYHEWOIHcc	50	46.47	33.26	55.89	78.45	21.03	95.57	16.31	97.84	9.05	21.36	2007-06-10
wgSmbcdETW	21	80.17	18.09	25.67	21.08	75.38	42.51	23.03	88.61	29.83	82.94	2017-10-22
CwHJcsJiwp	57	39.67	65.52	37.57	48.35	88.84	49.0	58.35	53.98	32.06	4.5	2020-07-20
xvQBdEqdov	58	83.59	53.08	51.99	73.99	52.47	21.87	20.38	2.65	74.25	59.67	2001-11-09
LeIClCPRWl	75	98.47	10.73	57.05	34.38	51.08	60.03	12.05	26.63	55.75	60.79	2018-09-11
OrRkvNigOP	85	72.82	25.04	42.19	68.52	94.56	18.29	25.88	38.48	81.59	5.79	2001-04-26
PVUcCAKrxU	88	79.85	27.35	73.94	35.4	84.25	62.77	32.22	64.48	26.57	86.11	2021-05-23
cBmUbUIjir	69	3.04	41.31	19.05	98.16	87.06	55.83	25.87	67.64	9.87	2.57	2014-05-03
EVJLrzInVF	31	95.64	33.37	4.55	44.58	82.21	84.82	95.67	90.41	33.11	31.12	2005-05-22
ftQTGbGMKG	53	20.42	7.19	71.29	89.51	93.09	36.05	74.46	0.84	37.24	60.23	2001-07-27
zMBNiYhxPi	13	11.41	30.93	96.43	96.85	69.2	30.65	71.27	90.29	81.9	45.77	2000-05-17
RcbrZSbjqy	92	90.89	7.68	13.6	14.04	9.97	17.04	57.91	45.96	25.01	35.7	2022-07-27
IktoNRWIuB	34	79.6	57.82	54.95	9.05	62.45	70.77	66.47	5.75	72.48	92.0	2021-01-23
odsQGwBOjn	54	9.31	44.0	13.83	23.58	20.86	14.75	26.5	24.44	56.44	37.09	2010-02-07
zBczcAbkLS	43	44.5	58.84	2.39	3.15	96.76	60.98	38.05	48.24	19.88	97.43	2006-09-27
IDPIDEvoGB	71	93.45	20.37	43.11	46.68	33.12	56.03	99.85	68.21	41.3	65.42	2005-05-27
gfzKIUrToo	73	83.17	76.18	37.56	56.99	90.97	2.94	40.36	50.56	55.52	84.67	2017-03-07
rBLmBDXzAA	92	59.04	11.02	80.87	79.59	37.38	88.42	79.13	89.02	45.71	31.05	2020-06-09
IAMBMezHTj	55	51.03	24.44	79.29	45.05	37.59	82.14	52.05	42.56	19.96	41.83	2021-02-03
pGOgWQCmMO	36	16.8	70.36	71.7	95.08	68.12	65.65	80.94	41.81	65.16	3.97	2006-09-01
mZdCXEclxX	99	63.05	30.74	95.87	2.82	11.14	94.73	33.86	69.98	40.86	32.56	2002-02-05
jKEWOXXgjE	20	38.36	67.34	97.35	77.24	48.95	53.37	85.63	93.32	28.22	15.38	2012-03-07
LbfCucSIpC	99	60.37	79.84	23.67	54.31	7.53	50.12	75.52	79.59	21.91	23.79	2006-05-12
XvxdfgCEXH	64	87.84	82.91	63.32	24.23	27.88	40.52	32.55	15.19	81.35	49.97	2004-06-16
FdwgoKMmCv	59	97.5	45.61	24.1	26.34	87.11	81.86	43.09	34.02	8.58	43.96	2016-09-08
SGfUObGSwj	25	12.31	4.84	69.72	58.52	30.25	89.2	28.31	46.88	10.66	80.38	2002-11-02
LlYOqSmxbp	91	24.98	65.13	12.91	99.15	2.97	33.9	90.11	71.42	56.62	69.64	2006-05-01
hVebQZXeHW	83	6.75	50.49	37.26	7.98	4.33	82.72	80.4	39.71	65.75	5.15	2003-05-06
mnVqrnoriz	39	21.72	11.99	2.98	37.88	22.57	27.69	92.49	80.89	20.53	95.53	2000-04-05
QZYCamwPIP	78	80.7	66.64	86.42	72.86	14.66	67.19	54.38	45.79	98.23	88.14	2014-02-26
ApAPBxlpUJ	80	75.23	25.88	17.97	91.94	14.46	46.06	85.15	59.5	84.82	67.88	2022-03-16
OyTzlTyUdX	36	80.4	60.35	8.8	31.61	97.98	45.71	48.18	52.08	48.21	73.01	2015-05-19
dsHlteBGov	100	80.81	98.57	53.54	47.75	65.79	15.11	61.84	4.64	51.77	15.27	2005-10-28
UQMxyetPkI	2	62.12	83.43	1.5	89.82	25.57	72.18	28.86	3.44	86.11	53.0	2021-03-09
IGvYpwOJBu	75	58.97	31.52	52.33	1.1	41.67	61.64	70.38	21.84	24.15	52.59	2006-09-23
MwRBTOogBb	97	39.32	85.49	11.25	90.56	83.04	4.18	91.06	73.62	81.9	30.7	2010-08-18
qYcvxNZyJr	16	32.73	78.65	86.17	59.68	43.38	52.73	14.1	88.74	4.1	82.41	2012-04-26
BHPxjebTdu	87	18.03	90.07	45.46	8.02	44.28	54.53	9.43	21.5	27.64	84.14	2018-09-28
xkoKfWcabJ	77	92.01	66.55	8.82	80.14	25.75	41.16	19.47	8.97	39.06	36.77	2004-03-14
HZXkNwYIle	89	36.31	25.03	7.18	28.97	66.76	38.32	67.2	44.6	22.62	92.87	2020-05-07
cflGIClTVK	20	45.14	47.28	99.61	12.93	69.1	73.54	28.2	57.65	9.85	72.76	2008-10-14
tDDcfHVDxi	27	77.54	34.35	2.58	92.14	10.65	36.68	24.59	12.98	11.75	99.02	2011-02-19
ApKOWBzUNY	7	19.46	21.29	41.63	67.89	83.62	72.02	21.75	11.99	22.95	7.92	2008-10-21
iyVXducjlq	20	1.12	2.55	15.66	6.53	71.65	55.03	68.43	13.47	95.88	59.23	2023-03-02
SograYStby	63	48.01	77.79	82.23	70.97	56.48	83.25	63.52	67.53	91.18	45.88	2010-10-10
oeRkOkMnDc	35	65.77	31.53	41.96	37.33	41.22	0.6	36.57	16.3	9.39	64.19	2007-03-17
BlOEyhXpry	55	26.58	98.35	87.85	94.8	17.45	36.67	75.63	97.85	85.92	40.72	2023-10-18
ntVcaBtLnW	39	24.62	65.73	66.31	6.41	28.44	11.61	14.15	77.61	7.3	75.69	2015-01-23
zGUnNiFZlM	86	26.96	62.99	63.76	10.92	55.68	76.57	56.25	81.01	33.68	98.14	2018-12-12
xpxlWgGpJa	23	50.97	76.3	12.94	21.12	7.93	6.51	87.44	91.28	70.26	31.38	2017-01-05
kFatlqSHgj	91	50.09	8.97	0.65	47.8	82.22	36.75	33.95	94.44	82.78	31.92	2013-04-02
TxVhspphrF	3	85.23	69.07	81.53	93.71	48.18	78.3	27.76	78.38	59.23	13.53	2020-06-07
OhtyWkEXqd	34	1.14	18.54	86.45	4.9	76.8	46.55	8.31	21.16	53.52	16.06	2008-02-17
JyayoTeNic	55	92.97	65.86	97.47	7.94	65.13	12.4	57.15	13.0	86.14	10.28	2013-02-27
dOEBGDOSmy	5	49.36	75.42	97.7	99.59	71.23	83.34	30.55	17.15	79.18	58.52	2009-02-25
BhtJWNkiyy	8	88.77	3.17	9.45	31.27	76.69	47.85	42.56	1.39	30.99	69.28	2022-06-25
xNaJsMgbWU	2	90.58	38.17	21.77	49.27	57.57	48.55	26.52	66.27	96.68	33.46	2023-09-26
CQnZrZZKUN	100	35.49	76.41	42.53	29.44	4.95	79.44	21.16	43.01	72.05	53.14	2018-03-24
tFiFAlWUYr	74	26.63	26.87	15.09	96.96	89.07	79.88	85.87	53.41	27.66	77.18	2018-08-07
hHftBEXBRd	55	18.16	34.81	33.74	63.43	6.48	14.35	59.43	9.32	8.1	97.6	2022-03-19
UoYkBnTXKj	8	80.9	50.47	39.44	4.83	57.19	95.89	45.51	14.23	67.96	55.65	2023-04-01
ZInupubMET	5	64.27	52.04	71.26	7.13	8.06	53.97	18.99	20.32	11.77	34.22	2017-02-12
vfgRcaxotC	24	94.93	30.7	63.37	39.79	43.45	35.48	52.68	13.78	27.82	10.63	2022-05-01
XMWCTfGMTX	93	23.4	21.44	66.92	36.41	73.78	92.0	47.53	13.16	11.15	35.92	2012-02-23
OwgJFgBoqO	37	19.23	12.9	74.21	23.48	43.9	95.72	27.63	62.15	32.03	2.21	2017-04-18
jiQZgVJMkO	39	10.41	48.65	55.39	45.43	8.6	96.64	75.24	14.19	57.18	72.27	2010-09-03
GpUJyCIftw	89	66.3	4.41	55.48	51.62	52.42	7.87	15.88	69.75	63.09	99.73	2018-03-18
OAZRSYVLhb	58	97.62	18.34	2.79	13.08	90.87	72.19	68.23	82.22	49.33	66.55	2006-05-21
QHbvCACRGr	97	93.5	36.32	74.64	7.11	75.71	12.41	15.02	96.3	96.48	3.17	2012-01-16
loiDmQxHrg	88	66.44	27.96	88.59	94.42	66.78	21.89	94.82	55.63	16.36	60.39	2013-09-14
XQqYoLjHki	71	24.5	51.87	27.86	72.52	10.0	1.89	48.34	56.44	34.93	97.38	2023-06-17
sDgTfBTUGZ	93	74.54	9.98	85.04	16.8	11.51	45.24	10.77	63.36	47.75	39.67	2004-04-28
MAZHoifMCe	72	99.73	66.33	79.54	42.76	36.46	38.46	25.89	34.06	96.76	58.95	2022-09-14
QcTrPSQxMB	51	45.3	73.19	99.82	88.71	81.95	55.59	68.85	87.57	23.43	9.51	2006-08-12
UzklCOpBCN	42	81.71	71.48	61.28	9.81	17.26	42.78	14.27	85.42	89.42	82.38	2020-06-08
iLKLYlJIrP	83	63.81	84.15	96.48	49.95	45.12	97.44	75.86	17.3	72.09	7.23	2023-03-06
ZPUSxpRvRo	7	78.29	66.08	94.04	85.58	48.75	19.35	37.5	9.46	15.37	40.2	2010-02-20
GCSsjuxXRj	99	53.29	70.29	50.77	16.27	10.39	4.71	63.73	31.59	65.92	12.58	2003-09-28
NcXzanYUIf	3	8.76	70.2	39.24	0.26	2.63	48.06	9.62	79.03	18.52	67.93	2018-04-21
qizevaZQyd	7	81.46	68.9	29.01	12.76	71.57	45.04	18.53	66.19	80.34	76.06	2002-10-02
UNGqCIdHxg	89	32.9	64.48	57.81	64.43	98.94	99.97	90.85	27.46	88.19	90.61	2016-05-21
awLpgsgRdm	35	35.8	33.84	8.06	17.68	21.17	53.87	14.53	8.78	29.36	25.63	2020-07-02
LEdGLulInH	28	97.82	33.04	27.71	38.32	97.14	23.99	61.1	94.44	7.34	28.18	2010-02-01
twbWHbyytb	52	70.44	42.94	53.88	48.06	96.88	93.88	50.11	96.89	36.4	90.05	2001-07-25
uSVLqhzqzU	88	37.49	21.16	42.87	50.64	60.12	62.07	60.5	22.87	70.31	89.97	2005-10-19
ripPUvXSzF	82	68.99	4.09	86.2	34.4	32.88	57.43	68.52	35.56	25.06	55.02	2023-08-14
NBKJMbYzUQ	65	97.37	21.56	63.7	84.99	75.03	96.74	52.68	27.32	83.81	81.18	2020-03-18
LMoexwPwWF	23	48.08	20.58	66.93	91.83	84.18	34.92	69.63	93.9	37.1	77.23	2012-05-04
jtUZgsrVUa	26	18.14	17.61	22.97	30.06	74.99	64.0	32.74	13.48	38.17	78.72	2003-09-11
ntWOugtyGa	5	37.17	58.71	49.81	22.38	17.91	96.48	30.69	72.81	30.14	42.73	2020-06-28
HChfBWqNMj	55	43.8	11.67	70.57	78.52	92.86	62.29	9.19	99.4	54.93	25.57	2015-07-15
gxeDKzOFwP	56	35.76	97.13	82.53	38.57	46.92	11.47	24.99	21.92	55.04	67.7	2019-09-28
lEVIGkuCyK	93	59.77	93.51	96.65	85.65	43.17	16.46	60.18	82.18	25.19	45.67	2000-05-19
EwDXuEotcM	77	31.88	42.01	79.27	23.08	45.61	51.92	94.89	70.92	59.72	16.31	2014-11-19
SLFBaSVCei	84	32.74	7.2	84.2	17.28	8.8	21.51	43.14	19.9	6.77	35.67	2011-06-28
kLWmFSEIRJ	34	8.94	32.1	54.49	8.5	48.9	51.56	36.54	15.35	59.98	85.3	2008-12-13
JSUjagmStp	28	90.4	6.34	87.58	86.32	60.58	1.33	20.26	39.57	75.86	0.28	2021-04-11
NRCKwlzLpY	33	88.03	82.33	89.68	72.91	67.1	83.01	66.12	95.69	99.02	81.7	2010-11-05
ruOshafzpd	89	17.26	39.0	2.94	89.23	72.36	54.26	94.45	34.73	26.94	75.25	2007-12-13
lviUVZDQJn	16	17.45	86.35	10.37	10.37	48.88	17.2	63.03	35.52	35.92	80.95	2017-07-19
DuHIqCSCtw	23	69.92	17.81	75.96	9.39	29.01	28.53	35.12	13.46	15.4	82.4	2009-12-10
JlYfjUEwBq	29	98.43	11.55	2.08	90.16	33.87	43.25	84.08	1.31	44.09	57.14	2016-03-02
NXlrAsqfLr	23	55.73	97.13	44.45	55.22	53.16	38.54	45.79	15.19	22.05	18.96	2022-12-21
IAkcSeWkXZ	5	54.77	1.46	3.01	10.9	51.86	24.23	16.07	75.76	58.95	67.99	2013-05-27
FbskieNTSb	27	61.0	33.86	3.06	63.4	51.27	60.64	84.78	70.43	75.21	60.38	2013-01-12
RDmkOfwzeW	28	72.82	76.82	18.75	82.87	22.9	79.48	84.95	9.79	54.04	39.59	2023-04-24
SVvuWAJzLl	88	31.41	71.07	23.61	84.18	85.32	74.85	81.22	14.42	30.87	45.14	2008-11-15
PLpVXLUKhk	100	5.55	90.88	73.61	92.31	29.89	16.95	11.74	76.0	74.37	10.5	2005-06-07
uHOOQiccfW	49	44.33	5.21	45.01	29.84	42.25	71.2	99.19	64.58	2.78	5.57	2013-10-05
IgeMNuuzBz	44	57.93	78.12	63.21	40.51	36.68	1.15	52.79	82.43	70.3	65.15	2014-07-18
svHAOPzdEQ	36	6.9	11.86	73.42	36.24	20.46	2.5	69.49	10.97	59.62	21.7	2011-09-02
xMgbbvpBaV	45	99.52	75.13	53.47	86.91	74.7	65.46	64.62	82.54	66.19	79.18	2003-08-15
OsfyTDdSqg	33	56.89	54.72	63.74	2.5	65.67	61.18	17.29	47.18	38.22	17.19	2005-08-13
jfMLbjlZor	91	88.16	69.76	37.63	88.91	71.2	61.94	87.68	38.54	50.06	36.53	2012-09-05
rljDzuPbMR	92	10.22	16.99	22.14	21.79	3.25	65.88	99.89	57.03	90.75	32.73	2003-10-11
VdujylLDXv	85	7.67	82.02	39.73	22.05	73.34	22.3	40.07	39.1	64.52	61.61	2023-05-02
sDcBWaLDfZ	3	11.19	41.67	93.54	13.21	60.99	86.14	19.67	5.75	41.92	80.74	2002-01-04
VrPpfNHSEC	81	67.41	50.42	58.33	91.01	4.07	1.43	49.1	31.49	84.23	51.86	2017-12-25
tIVkKbdZCf	51	19.95	26.35	68.77	11.01	87.22	10.59	65.49	36.9	58.4	20.41	2013-10-26
DtaFhwgGxX	75	71.91	61.17	94.92	38.14	15.73	51.95	86.7	48.95	3.41	90.53	2002-06-03
kPUxvdkGFQ	54	30.68	38.85	76.39	59.93	4.37	58.61	12.43	61.17	36.61	3.54	2004-05-11
DyBpHxdEBg	28	4.42	29.9	67.82	53.35	59.24	92.1	55.38	32.56	24.17	11.17	2010-08-02
qSSifbIjfY	90	39.36	47.71	6.33	45.46	92.69	49.8	5.58	25.28	63.11	2.02	2001-07-02
pkxQQxcdoS	92	40.47	43.49	48.35	39.38	3.15	29.87	91.92	25.53	10.7	46.94	2012-09-19
acqiLpiVoj	23	23.97	84.71	45.3	54.24	68.76	64.54	87.14	28.26	17.12	28.65	2003-01-20
LHsxBeGqob	66	71.21	69.23	56.78	31.69	66.47	50.28	48.65	1.75	90.89	21.97	2013-09-08
KeZjPMyPvm	61	26.56	34.62	32.74	32.17	93.99	8.98	34.7	20.28	86.37	4.12	2021-03-10
AbicHJQuKq	16	10.78	35.7	17.79	43.17	62.61	51.82	10.3	41.58	63.0	6.64	2011-11-25
fnHvSPZltC	99	88.95	12.43	89.81	86.85	22.55	83.86	32.01	34.54	66.64	95.95	2009-04-11
JGNCTfFzBH	23	52.11	82.04	15.28	21.26	99.44	43.97	29.92	31.1	86.79	7.49	2003-04-06
tbadIpmStS	45	53.51	41.11	21.09	62.58	20.82	71.86	87.21	73.02	8.63	84.32	2009-06-02
JKYXlYlLXm	45	90.14	14.49	20.91	52.18	61.98	30.22	51.35	21.61	7.47	17.04	2020-05-25
DOCedWLdKB	62	22.04	25.76	22.8	20.34	93.51	14.92	0.9	50.84	82.64	76.82	2021-01-22
cJSCvsYDlO	99	26.56	63.1	26.77	9.99	18.44	11.37	54.87	72.11	34.5	41.93	2021-03-11
ZAXtByKPsl	74	1.97	43.89	28.55	58.56	14.77	64.42	54.29	83.01	38.39	21.99	2013-03-28
FADzgCUnnw	15	35.95	91.04	94.27	53.82	77.2	82.82	94.16	66.42	88.37	96.52	2001-01-04
gtdvdRcMQI	43	14.18	60.21	60.63	51.12	34.02	44.26	87.85	88.25	63.59	5.96	2005-02-01
zAETHyxJvh	5	22.05	76.37	79.43	38.63	53.14	25.64	77.25	67.71	26.76	10.03	2006-02-28
fRxEcHgQgx	36	87.61	84.02	61.25	73.04	13.16	85.27	78.27	8.35	58.56	79.22	2011-09-28
TyHDEKJAZy	44	25.67	35.18	60.23	72.73	89.07	5.93	49.81	74.23	70.91	26.61	2003-06-22
pYrBFgKjhd	24	79.23	98.84	35.67	2.68	4.68	8.2	89.56	30.18	29.33	95.02	2020-09-13
assQOdpUaN	16	52.74	40.53	40.95	1.31	19.57	50.47	28.01	38.18	70.56	23.27	2012-03-28
EkKrwKZqBK	18	56.11	38.86	8.76	77.67	78.62	65.66	94.97	20.43	73.24	7.32	2010-08-22
oqxWJfUduS	0	88.23	34.4	37.28	90.95	21.1	28.77	2.63	19.81	98.49	87.77	2014-05-09
WReRanxTIv	72	35.48	64.06	21.29	4.6	19.71	83.02	95.19	24.78	6.37	72.69	2018-05-26
vHsChEdFxx	58	22.01	1.82	71.35	42.38	62.4	12.6	76.54	78.53	7.84	3.47	2013-10-03
yzgalFsxqq	100	76.02	51.23	83.62	46.46	56.7	74.11	58.96	36.62	20.13	7.11	2010-02-13
tGMGQrtvwf	64	97.85	31.05	70.04	10.95	1.47	12.9	11.23	74.91	19.13	88.74	2008-03-20
zAUOCyTTxn	94	63.15	90.22	66.62	75.17	76.23	62.3	38.81	75.51	68.68	36.32	2003-03-01
GXBcYBvpxy	82	93.73	60.63	95.96	37.71	51.34	18.48	60.12	11.16	61.83	2.62	2015-10-08
OvtXjLuWQn	70	63.18	87.97	64.47	77.22	42.36	18.66	99.17	92.85	77.76	88.12	2005-04-11
VXFitPpceK	51	24.85	22.76	86.78	12.48	90.7	7.95	89.75	63.01	59.76	85.55	2006-11-05
RgFsJbJbxF	53	4.55	13.7	35.82	48.01	97.75	77.78	31.25	70.04	26.65	87.25	2010-05-08
tUWYuvEqjN	97	10.67	15.43	5.91	13.04	72.13	67.9	38.48	7.91	26.41	63.43	2005-09-02
sltCJlxRLr	21	32.02	14.46	24.03	64.87	87.74	27.54	48.86	84.66	78.98	75.18	2000-07-11
rBQiURCcGh	73	44.59	66.94	54.99	83.37	55.86	20.51	58.14	42.66	40.67	59.53	2023-06-24
UkNsSXGxIs	69	94.05	45.8	98.06	53.59	27.23	28.78	51.09	47.45	54.83	6.9	2016-04-04
ppqCMuzQKN	11	89.6	40.72	93.53	25.19	50.28	6.9	58.07	48.65	44.42	49.4	2022-08-01
tAPQpPehSU	27	59.97	25.64	22.46	99.67	30.97	40.12	27.56	5.69	11.98	1.77	2013-11-13
JnLEpblVru	69	10.66	71.97	5.59	29.39	32.19	3.37	62.74	76.02	87.54	76.91	2017-03-17
SLKNcGAtCs	75	24.97	15.64	29.19	43.9	52.9	9.56	88.42	49.94	17.73	90.36	2017-08-05
cbuwLpeZEn	73	31.98	19.44	62.58	36.12	59.3	74.93	6.28	36.36	5.4	91.67	2017-08-01
yfHbrjvsPB	40	4.19	43.03	82.76	38.66	31.81	69.14	62.55	15.42	10.64	38.11	2010-11-16
lsbkTZFglV	26	84.06	80.11	2.36	89.18	44.01	7.13	80.6	11.66	61.65	96.01	2011-07-13
ubbEkENoWF	78	79.76	26.11	35.19	4.23	62.82	14.95	42.28	91.82	51.51	12.08	2012-09-07
oUOdjgEQHO	80	95.86	90.15	66.91	77.64	45.02	33.03	45.92	13.23	43.14	43.47	2020-11-03
yrcfkxPPVN	95	4.7	7.0	54.51	73.33	96.6	81.71	83.62	81.6	51.23	93.35	2013-09-17
drUVTGqOgk	88	73.28	76.82	97.8	49.28	77.88	58.15	28.92	95.6	45.89	77.5	2010-09-13
QkkSnpKMby	45	64.83	25.4	36.94	61.21	81.25	52.22	65.97	74.83	22.1	24.88	2021-08-21
zOHvoAnAzy	51	57.94	16.21	69.7	52.8	90.0	99.27	55.33	87.33	47.08	77.7	2005-09-10
jvFpJudBNz	86	15.42	53.59	77.26	46.34	10.69	97.1	64.07	75.59	47.64	78.18	2015-09-14
ngNMDiAuEz	46	48.21	60.45	98.17	39.08	38.04	28.8	76.14	84.07	42.74	19.69	2020-09-13
lJMvFhBWhF	8	64.52	47.74	83.33	3.46	86.82	48.31	48.7	36.76	34.82	73.33	2018-01-15
eygqKdZIUR	20	55.05	21.12	89.58	27.37	75.44	39.3	70.6	52.69	42.66	83.18	2005-11-15
sPXOMJCMLq	80	97.4	60.02	44.89	69.56	62.99	54.38	56.81	62.61	21.81	80.77	2011-08-27
SmyHTbiOxv	86	52.22	87.4	56.5	92.42	96.99	18.45	99.2	14.77	66.85	78.33	2011-01-18
UHTJWFyvZk	55	40.4	90.49	45.14	73.32	37.5	23.38	67.71	66.35	62.83	8.79	2002-10-02
pjgtaPOLce	22	96.15	74.31	80.08	55.42	16.98	39.63	55.6	8.86	41.95	15.03	2009-03-23
zWHlgOCSHe	58	30.92	47.61	30.25	7.45	91.72	7.16	97.64	57.82	16.74	97.38	2003-12-19
EgruzNOaQn	70	45.09	49.18	32.16	48.04	51.67	86.78	16.42	19.76	61.69	27.5	2002-05-10
nVwWKJaGMK	50	59.22	32.2	50.03	26.55	23.54	72.96	0.22	59.59	54.01	78.51	2013-03-20
leITWoxiue	35	49.56	70.43	31.73	55.06	57.5	41.84	71.49	72.93	45.41	73.15	2010-01-23
melKBZxsno	24	74.05	57.59	17.0	35.62	20.29	74.8	27.71	76.03	47.44	89.12	2002-12-10
fynQuaPmCw	8	12.11	92.3	34.5	35.86	97.62	2.85	22.1	92.38	80.4	43.28	2023-04-10
CMBDtnPKPY	20	92.87	62.01	21.98	53.48	92.55	92.41	68.74	94.73	37.01	62.12	2021-03-21
ugSNAUDGlX	64	96.03	33.97	26.05	66.13	97.9	27.18	92.45	15.6	38.27	84.86	2017-01-23
LfhgfXhTCm	99	43.31	93.83	35.27	74.39	86.86	82.7	10.45	80.68	55.01	78.59	2001-11-01
vdGkMmzJVf	33	64.5	77.48	31.34	97.43	4.37	24.68	57.94	90.61	93.21	46.64	2002-10-04
AYwsvJxTUq	32	81.52	41.82	79.02	43.53	83.93	13.65	15.87	99.48	27.47	23.16	2009-01-18
QuSVPFoMHV	96	37.65	76.85	61.82	22.34	48.72	8.25	54.21	91.61	7.47	44.99	2020-04-06
nSPpGaWGqT	65	35.97	22.45	83.62	17.32	92.26	95.96	15.23	70.99	14.76	24.76	2015-01-13
IWXraDnSsY	48	57.53	81.52	61.78	23.47	15.9	51.01	28.32	51.83	60.66	47.28	2018-06-01
eWteXiFlnP	82	58.55	58.39	9.4	49.2	57.45	36.06	24.99	29.73	79.35	52.72	2011-07-23
JnkaTPJXfa	77	32.06	94.87	12.05	66.5	19.19	76.75	5.56	0.67	47.46	64.0	2009-08-28
DGsdRbCfXh	48	40.19	96.84	88.63	37.85	34.75	23.9	13.56	95.54	48.5	46.04	2016-07-20
MjGiXlZfGZ	64	83.33	68.15	67.28	0.37	87.54	78.99	85.43	48.48	79.44	51.29	2010-05-28
kSTXwsoySh	6	50.27	71.92	77.89	1.27	63.3	79.18	40.54	42.55	35.87	90.68	2012-02-05
jhIdUyBLIk	18	15.93	11.88	19.32	49.09	83.27	2.29	84.18	70.91	18.18	0.88	2001-01-17
NkDkNOwSrv	38	93.1	34.74	30.2	8.51	84.22	28.08	60.74	75.16	54.59	52.31	2014-02-14
wTHYLhTDGr	52	68.14	46.98	48.41	71.23	58.6	86.44	65.81	34.23	81.85	36.85	2022-02-13
rXqthcRsFR	68	34.96	51.93	90.03	0.72	73.4	69.81	53.03	63.13	21.16	31.66	2005-11-18
KYfuxVDnRc	41	38.78	16.78	57.24	88.11	98.57	11.68	22.4	9.42	65.21	45.9	2002-11-12
uZqIuoWeiQ	48	1.83	50.06	36.87	77.72	5.26	45.59	57.94	13.42	73.92	2.39	2011-02-14
XfDCjOkpxF	75	34.92	96.34	46.1	47.36	81.55	26.21	46.99	77.1	32.01	32.67	2011-08-08
vTMngVbeGh	85	18.67	32.22	75.19	83.76	31.37	7.33	19.04	72.17	48.48	41.3	2023-02-11
oCxOlNtycz	85	26.43	19.32	44.23	50.55	5.02	42.91	36.52	64.14	68.11	9.87	2012-05-19
NrzTcKrzks	43	88.82	5.09	38.85	60.72	85.63	58.66	60.51	76.37	79.81	58.26	2005-06-18
yRHhcVRGkN	0	2.16	45.85	53.83	82.83	67.55	31.66	34.65	83.38	82.15	45.54	2015-03-07
eIoUsEwiDq	0	99.3	38.09	17.07	32.34	39.4	65.77	69.55	14.44	68.1	19.78	2018-02-11
UTJjgHICTI	88	84.67	83.41	0.33	81.28	0.01	14.02	16.17	80.45	63.78	74.45	2015-03-15
CVYNdctNnz	35	99.77	19.06	8.47	73.67	5.38	1.99	44.47	4.04	58.58	32.38	2019-08-14
uVxnkRsmjv	79	52.83	56.73	97.11	57.66	67.4	84.17	44.71	97.92	28.62	82.69	2015-01-20
syuvincqPq	6	48.82	38.5	84.07	31.19	41.75	54.33	41.58	79.46	50.37	92.13	2004-07-08
UtzjucGoGP	18	5.61	69.5	64.07	8.49	57.51	56.26	0.52	10.99	69.32	79.11	2016-10-17
TpaBLzMTBP	85	40.56	90.95	80.69	37.39	1.49	14.3	54.46	58.62	22.61	38.43	2018-09-28
RlFZTvyWoN	82	93.35	6.01	9.86	10.93	86.22	83.38	63.81	29.53	3.75	77.03	2004-10-10
BdnAcpusGF	77	69.07	69.74	6.74	77.06	96.16	39.23	15.82	11.07	9.81	47.5	2001-02-01
PXYXtmhlfw	69	58.54	75.94	21.71	75.39	34.43	65.02	69.49	76.7	6.56	83.91	2022-07-18
dZFpIhdQEB	83	8.09	72.22	18.98	57.87	89.66	2.8	53.0	49.43	81.33	83.3	2017-04-24
UKHEbLmfms	11	31.62	95.31	27.62	72.71	37.52	10.35	31.16	2.2	35.05	80.39	2021-03-18
PvPnrwluAC	77	96.95	5.95	84.14	6.86	80.98	80.28	94.08	42.9	2.29	65.31	2002-05-24
UwLBZMWCRs	39	74.11	3.21	76.68	96.13	78.09	41.31	11.91	94.65	40.74	40.0	2015-08-23
mhelkSOurL	93	14.7	72.51	47.19	48.97	57.82	47.42	20.23	72.01	47.06	71.31	2008-06-07
bfRuDsgxYQ	6	55.09	71.34	18.11	60.95	0.97	99.92	65.32	90.58	34.64	31.0	2013-02-22
kxutBNZYMu	32	68.05	66.82	31.0	28.01	1.95	14.33	84.05	19.87	91.05	3.85	2003-12-21
pQSCedGoXq	98	64.17	43.04	97.8	46.01	77.74	91.2	31.57	68.03	64.45	18.14	2018-02-09
xOjHHEBMjX	55	82.1	42.4	17.53	52.16	37.49	24.69	10.78	3.91	94.77	82.59	2018-02-20
sbCKCBfSpm	98	0.6	62.37	5.94	65.03	51.53	16.72	65.41	95.94	86.1	18.83	2022-08-20
YEqaIVZQJq	73	21.46	40.31	52.63	53.99	82.83	92.39	43.88	81.81	11.36	15.6	2000-05-22
qIpWFqBUQj	88	99.28	28.96	73.95	86.66	0.42	32.85	29.98	69.96	62.91	59.71	2003-05-10
zkgtrSsBMs	20	18.27	30.93	24.67	97.93	84.47	26.66	59.68	65.57	23.05	92.43	2006-09-20
PhqeyJGxVM	56	73.91	25.9	37.89	25.89	63.55	31.78	46.85	9.27	66.38	59.79	2006-05-12
irssGNCTof	30	23.27	63.63	44.75	99.26	25.28	75.95	32.31	14.61	1.31	38.7	2022-08-12
pnKuxDtESk	27	99.24	73.69	16.29	83.44	95.68	44.07	46.21	68.66	74.55	44.0	2006-09-17
dCgEJPVbch	17	32.66	10.66	63.79	56.99	77.68	91.39	71.9	25.05	53.7	39.54	2007-02-18
DmXEWxeZLT	52	67.13	80.47	23.95	3.81	88.4	75.12	10.93	24.33	50.09	50.72	2004-10-19
nmppUINrre	99	37.18	90.55	50.34	31.35	9.59	71.61	39.86	86.29	4.46	35.56	2019-09-28
uDNujMXpSt	85	50.1	10.0	45.7	81.39	44.99	34.05	55.34	71.5	87.85	23.63	2005-07-11
RqfCbbAuWY	19	62.99	21.9	93.94	28.75	51.69	36.63	84.36	27.69	73.5	52.75	2017-10-25
fAEtWgWNSk	29	21.0	11.44	87.49	58.16	0.2	66.55	3.64	82.48	44.51	51.25	2008-06-23
vwClwqLZZd	18	37.49	44.09	20.62	81.6	95.98	42.06	92.68	86.96	84.05	69.01	2004-07-01
wIwxySFnIg	25	45.6	64.95	54.22	69.2	57.86	18.54	0.95	14.14	37.39	10.76	2022-08-19
uomZsHtJUr	100	84.95	3.64	56.08	83.68	22.09	2.61	17.0	82.97	75.54	24.8	2009-06-24
eLKqQBtGpW	32	26.29	7.88	52.75	17.55	78.31	88.65	81.89	48.18	94.2	79.65	2010-09-03
JfcCWEPdzz	38	67.76	2.19	69.46	76.61	86.25	68.17	80.08	28.8	33.76	58.16	2019-06-10
NgsKOtNcsc	58	96.0	2.61	64.87	87.75	95.44	4.46	55.67	85.6	79.3	27.42	2014-03-10
IoRnqGmOky	31	5.48	46.76	16.76	85.13	4.87	21.06	64.12	23.16	26.42	72.95	2012-07-22
VFdzUvVxSb	7	81.8	86.54	33.17	10.02	11.5	84.04	62.19	4.79	59.7	20.27	2006-02-19
ZstrQqxiSS	21	65.13	67.31	80.46	83.14	15.02	22.04	25.03	99.12	71.08	9.33	2023-08-13
ZSDnXxchcF	59	8.18	93.27	75.69	94.61	30.2	61.17	27.39	48.3	74.69	18.72	2005-04-20
ZNbbiDSntg	90	65.5	40.21	62.1	70.95	74.09	47.38	1.89	23.75	61.93	95.73	2001-08-14
ogqckXmStx	48	50.11	96.26	38.44	52.33	2.15	86.28	64.81	17.15	17.64	10.94	2016-09-06
ebzjXvUccU	2	90.49	83.91	62.13	54.24	11.34	27.44	27.63	50.78	85.28	71.38	2020-08-08
BspuqFSmSZ	1	90.16	24.31	11.99	84.3	19.15	4.81	10.32	83.9	81.41	3.29	2001-08-07
gNEoOkoYtw	25	41.27	13.53	59.71	1.99	24.63	0.38	73.78	51.88	53.05	25.94	2003-01-19
aPIwiRlfYb	81	47.11	99.5	5.22	9.73	6.08	17.01	92.77	7.29	26.58	77.89	2014-01-15
IAGcHzWehk	16	48.04	93.08	25.74	42.15	21.12	60.39	66.6	25.04	19.55	57.83	2016-09-15
CTpyzwotVb	89	51.27	86.71	38.06	10.54	10.03	15.31	27.0	86.75	27.93	43.86	2022-07-26
RuHxhDoADW	32	34.58	41.75	18.6	20.96	99.76	8.92	1.73	58.9	2.61	27.1	2006-03-21
odOuNbvJAP	46	61.4	10.08	85.42	96.93	85.18	93.07	99.19	22.82	50.0	72.04	2015-01-23
wPDAdXesmz	43	16.9	3.54	7.85	20.9	13.98	41.77	8.24	36.34	88.05	74.38	2015-09-14
VKWGkcRqkF	7	79.36	72.65	85.25	60.86	93.12	69.94	59.72	33.9	30.68	22.11	2013-10-10
LfYIrWXSVx	49	85.43	40.29	81.38	41.35	36.37	31.5	93.08	5.88	10.88	33.7	2007-07-13
WQAsZlaRuf	26	16.99	90.35	20.25	68.95	74.81	74.98	43.39	42.23	59.89	17.43	2012-10-14
fbSERpXyVb	17	53.25	96.82	48.56	63.42	9.98	78.49	87.96	83.33	46.58	27.79	2020-11-12
SotlpEnaLH	52	48.1	62.76	30.13	54.87	73.91	96.83	34.54	58.21	38.65	95.03	2019-12-27
liuJrWYYOj	94	62.81	69.25	17.58	57.95	29.56	27.73	40.26	21.57	67.63	45.08	2022-04-28
RWkfMcXYVg	32	89.73	73.33	51.98	59.11	95.18	14.86	7.9	10.96	71.73	52.56	2017-07-25
OVBVqIWXTc	76	24.05	2.41	96.02	64.28	64.52	82.97	87.74	26.25	65.5	78.98	2004-04-04
OGhKaAPXvd	93	29.79	15.21	84.32	27.48	19.1	64.91	99.29	23.17	7.21	8.33	2007-04-08
JIbcCmkyzT	46	65.12	9.84	5.87	11.61	82.47	5.33	91.63	44.65	10.91	49.48	2003-01-14
LDSOxnfIvN	0	98.52	73.8	96.81	29.58	51.67	94.28	97.43	33.38	78.98	85.62	2004-07-06
WUUaQeEPsm	68	77.46	84.82	69.92	42.68	31.02	94.65	56.27	87.26	92.93	29.09	2005-12-19
XxRgsMEqqa	21	11.06	23.88	97.51	65.61	24.0	58.68	38.25	65.14	67.32	75.68	2010-03-04
IoKnWTmLHb	55	76.9	31.66	48.71	62.36	99.08	71.47	27.19	15.23	52.99	36.51	2016-11-26
iMKnaaIlgV	78	99.43	58.13	34.28	6.27	78.55	10.73	60.68	45.89	78.09	50.5	2013-07-27
cMEgRImRnA	92	62.21	94.44	67.28	61.46	46.3	92.47	85.09	44.23	90.37	56.55	2014-12-22
ywNAACPqxc	79	3.56	7.66	95.41	77.3	51.41	56.25	28.19	72.31	23.08	43.14	2016-12-23
lFKuOjDeTG	91	42.17	25.54	71.09	11.6	62.97	12.39	74.17	86.33	82.85	94.1	2002-02-03
hVSyweKPhf	13	17.07	24.04	92.03	25.8	70.34	2.3	60.87	8.91	17.43	92.04	2000-07-09
sNpouOcOIT	42	78.97	5.21	44.12	18.96	41.5	79.72	69.61	43.18	84.65	98.54	2018-01-20
OatTwQTHzy	72	70.21	19.69	43.94	72.16	64.12	17.46	17.12	2.44	93.76	0.39	2018-06-25
tJXxiyRYhW	27	42.43	73.56	36.69	20.52	28.88	96.51	61.66	41.05	38.1	21.38	2009-06-21
jrwooxxRyz	23	20.88	96.25	59.62	33.32	64.06	77.39	55.11	97.75	13.12	43.43	2000-01-07
hlwmEcBrhR	36	33.98	32.48	56.97	61.7	71.2	79.69	13.61	38.03	21.6	5.67	2007-04-26
SOuoZAdqxc	48	30.77	45.86	29.02	13.51	63.57	76.86	65.25	66.38	23.28	77.95	2022-02-09
XsqIBsLRRM	89	92.52	22.35	21.06	84.23	56.04	37.72	8.25	37.03	83.12	44.79	2006-10-10
SIsWYMjMqZ	85	40.29	19.92	95.14	7.79	38.1	63.07	23.88	14.33	14.18	89.33	2008-12-01
lImjQxsRNr	99	91.95	30.5	85.03	19.08	39.79	89.91	54.99	78.55	69.78	97.76	2013-08-18
dwbmPKPFSN	9	48.52	22.87	89.37	56.52	12.85	64.83	6.02	37.9	96.44	20.04	2022-02-12
UaEfwcsOeY	71	90.05	53.32	21.34	0.05	3.57	39.98	22.5	97.97	9.36	38.27	2013-01-05
NNTDhQpbZV	72	81.95	64.67	72.61	15.89	90.99	5.54	49.77	39.55	88.22	24.09	2019-08-03
QzJeuliqlf	83	71.37	28.19	21.82	1.1	19.46	67.36	86.16	7.81	43.78	71.99	2012-07-14
ooHyvSUOue	66	45.08	97.41	9.89	6.44	72.33	46.32	51.61	26.64	38.58	48.47	2001-12-24
sBmuyqNjmz	41	61.07	99.57	41.97	12.77	50.27	5.94	1.44	51.08	24.05	47.79	2020-05-13
qELHnTPIuY	78	27.41	26.55	55.87	28.27	7.19	89.63	9.14	83.69	98.51	42.51	2004-07-25
sLxxwvttay	86	51.0	69.19	41.18	60.44	53.49	13.05	27.08	71.11	1.29	93.33	2013-10-24
sYYfrJqDel	32	4.71	40.44	37.25	85.89	35.88	64.94	9.46	99.8	43.36	59.29	2013-09-08
cIdQtpASQW	91	19.1	72.55	74.2	55.52	13.14	79.99	25.47	66.04	74.14	58.87	2004-12-19
pamuemOSDd	73	9.19	99.17	66.29	47.48	35.8	69.56	4.57	78.5	88.79	87.99	2022-08-07
eQLzNusJBW	44	71.51	9.3	59.33	97.91	50.06	11.26	98.6	42.62	93.04	24.83	2017-10-07
kgbxfVISta	50	68.94	58.98	44.48	16.02	97.37	91.89	90.26	64.62	52.97	14.31	2016-03-13
mbPwSsrtFN	30	31.27	47.64	96.81	52.83	54.75	87.85	76.3	19.98	34.07	63.74	2018-10-04
UJFzXeoTWo	62	29.18	97.09	46.83	27.8	85.61	2.56	92.54	91.58	78.69	3.45	2011-02-15
BKzFXkGiCa	15	23.13	43.87	98.11	94.8	29.4	14.92	82.37	66.07	22.53	95.18	2002-08-11
OIqJvHdUtl	21	32.18	54.97	96.68	54.63	74.05	14.21	65.06	75.26	46.69	90.13	2006-10-01
UiXrhHJqDY	74	7.29	11.44	6.86	33.4	94.78	51.6	86.27	53.53	87.98	55.74	2008-09-14
lATvCsVzJr	95	19.98	39.63	36.84	15.47	74.85	96.64	10.2	67.94	19.54	16.85	2006-08-01
VITlEdtnSl	81	0.61	90.93	47.11	50.62	27.14	11.42	10.88	28.63	44.09	18.3	2018-01-22
MLBXfLgNOB	56	57.14	64.26	82.57	15.14	81.72	45.9	53.25	57.51	63.78	81.5	2023-07-05
EgbkSjLzig	94	71.78	56.47	81.66	97.97	42.43	98.89	70.82	19.78	10.67	92.69	2020-08-17
AAyLescfbQ	59	48.31	75.77	21.63	73.17	17.89	66.21	0.56	59.71	88.95	57.16	2011-10-20
gnCzSIPFlD	4	20.34	15.91	85.85	58.5	30.43	90.44	70.25	55.52	54.55	12.78	2020-06-09
tZQJpLVEro	17	47.71	3.81	43.15	66.0	63.96	66.9	5.43	63.06	15.65	44.38	2009-03-25
HClzNLgRWY	41	71.49	23.14	24.43	97.64	90.34	62.58	2.72	46.9	33.24	36.55	2011-01-13
prytjuvNpF	34	6.22	69.46	68.96	60.93	50.15	51.98	48.29	72.38	26.71	53.4	2014-01-16
tFWqgssuYi	93	79.47	59.0	47.24	72.41	95.48	33.3	41.58	33.56	91.14	30.7	2014-10-27
gmSVozeOfs	37	59.56	63.3	45.52	97.65	41.88	52.61	11.09	58.04	9.65	12.0	2016-02-12
WicVDLuUUD	34	41.46	71.6	56.83	88.49	89.81	79.48	16.0	74.73	66.44	4.68	2023-12-01
VrzHrnwifn	51	77.14	99.32	31.8	74.95	77.81	50.43	46.46	77.17	74.2	59.6	2023-08-02
veIQzKqfju	92	87.8	0.16	23.2	34.66	76.64	52.51	57.67	37.36	87.36	1.55	2013-10-04
WipcvHgonD	82	32.89	76.2	75.38	56.76	57.21	26.18	62.36	6.99	68.74	50.88	2005-12-17
CLrjCsbWid	78	27.51	79.41	80.16	24.14	47.39	9.34	37.94	33.26	64.66	55.38	2023-09-21
JpkkVQegkm	14	75.58	34.18	82.23	6.86	37.73	61.73	3.42	43.76	33.19	28.98	2001-09-23
DMsfjlCofI	23	39.57	41.31	17.24	66.19	50.35	87.9	85.69	87.18	68.12	50.62	2016-12-04
AiVvWGlAXb	76	40.11	17.14	62.17	11.9	76.13	37.43	70.41	26.01	99.7	99.01	2017-07-26
oNjGeikydK	80	54.23	58.54	85.07	50.18	17.36	96.29	10.3	57.34	14.17	10.29	2005-04-02
joBXHXUQZG	88	67.35	28.59	23.73	94.99	92.51	28.94	34.39	85.18	69.15	40.68	2005-08-06
jIzCrWgdnM	54	97.7	66.41	21.78	64.14	52.01	56.82	100.0	33.36	80.11	20.78	2017-11-12
LBemtsAwUL	89	67.43	67.96	7.1	61.03	77.06	38.44	24.9	51.37	15.26	29.7	2004-06-02
RWucZGlqdZ	62	81.16	6.56	61.73	85.49	48.14	61.81	75.14	57.16	27.62	29.05	2016-06-27
tvqYHmQVgD	87	75.58	96.21	18.53	51.21	44.2	90.27	66.49	17.73	4.79	68.83	2005-12-09
LQkVjSsBes	55	34.68	56.36	4.95	62.16	1.41	49.04	94.15	56.36	46.04	99.93	2019-08-28
jAxevSrRQk	84	84.26	24.1	32.34	87.56	80.82	51.96	10.72	96.75	44.67	71.1	2020-07-14
iJxOTFHAOf	11	55.61	45.55	17.54	7.1	3.79	24.3	31.93	89.83	0.68	30.86	2010-01-24
jixhzmQFMt	56	1.81	31.48	29.84	0.81	33.86	34.88	94.23	7.35	11.15	29.51	2007-12-25
hSlRBVBozM	83	69.08	75.29	28.04	70.42	92.25	86.01	56.41	86.18	21.54	22.47	2000-05-16
EZEasRDWUc	93	77.71	50.12	80.73	68.42	5.47	59.97	22.44	20.42	84.0	36.25	2002-03-02
HNjXvMomPG	94	97.48	46.92	99.16	7.74	42.64	65.26	46.3	2.36	98.48	24.95	2002-06-27
cbzAtcTQVQ	68	46.52	69.27	9.21	89.15	44.48	5.29	56.3	93.67	78.14	86.26	2002-01-06
ywBSudyqmB	20	2.18	94.82	2.4	60.26	30.42	76.52	93.02	30.81	66.08	82.24	2010-11-10
LiOCFVechQ	50	15.36	98.25	84.38	57.8	79.76	88.87	87.11	55.15	61.66	54.9	2015-10-28
VcdzUpZCse	61	80.6	15.45	18.37	73.8	91.41	99.32	87.5	11.46	25.98	90.85	2016-01-08
IRojlcryEf	44	73.39	76.45	62.1	49.6	9.8	65.62	64.62	95.23	94.35	21.26	2002-05-18
llALcEBogF	100	58.11	40.08	59.28	45.38	36.14	20.3	46.82	98.39	75.46	64.26	2011-04-21
rRzJYpYtfx	59	40.89	39.29	54.75	84.05	6.46	12.05	14.22	64.23	71.27	70.63	2007-09-26
cWTkRbCOxB	28	56.71	73.57	68.66	30.22	98.63	66.4	22.39	70.78	86.7	2.72	2017-08-11
WiPnXRxPZH	74	29.97	99.22	18.62	15.06	74.76	29.54	14.26	84.8	17.78	98.15	2006-01-23
FnCdFgCCAj	24	3.6	33.8	59.59	13.71	75.86	45.69	85.24	90.29	22.8	66.01	2013-03-01
GQnWwwFYew	13	86.18	45.46	61.27	72.36	51.35	54.83	14.27	99.93	93.06	28.41	2007-02-19
TAlYnvTcNi	85	91.03	14.86	94.61	65.82	52.73	4.11	44.26	50.68	96.53	70.02	2000-02-16
KKZSwxSMKh	79	5.97	26.72	28.55	40.26	25.43	24.79	40.26	34.87	92.96	99.15	2006-04-26
gCmRjCeJGe	73	97.01	96.03	36.11	92.25	54.22	91.21	19.06	3.6	66.33	33.08	2008-05-07
vSeOSIFJtn	82	29.88	31.84	39.91	86.72	97.94	65.46	96.26	22.07	15.52	21.07	2001-12-17
koAlUpuZwN	62	53.83	79.63	13.37	97.19	62.44	98.92	82.96	18.97	98.06	76.0	2009-01-28
kTBELnnieD	32	1.29	28.21	69.56	10.21	1.36	17.96	15.68	4.48	95.84	45.66	2006-07-11
zvkhfwuSLD	43	52.38	73.8	51.24	79.56	37.53	56.21	99.24	93.45	40.94	7.04	2021-11-01
yukWtGafhE	23	89.81	67.62	35.19	51.19	85.99	41.27	82.73	44.56	27.8	71.1	2008-08-28
oMoVdZYlcU	8	74.33	0.03	22.31	92.63	87.35	22.45	20.49	42.16	84.87	6.07	2008-04-09
IWpWazpiry	7	56.8	15.27	32.23	54.4	25.8	46.4	44.96	37.97	9.53	9.59	2005-03-25
WYsKTBcSgO	87	95.3	30.9	3.4	55.73	93.77	37.34	56.15	5.84	24.29	41.74	2010-10-13
KfyZVAZBtD	36	12.35	87.99	66.88	9.51	46.8	2.9	90.59	67.72	16.37	42.31	2001-03-07
iDBaAUAiLp	34	6.3	93.74	84.74	70.34	47.99	18.17	21.83	1.93	74.47	3.9	2010-12-15
pjqoSNYCtw	2	24.5	95.87	43.79	14.08	67.81	87.42	25.18	93.38	92.4	6.48	2000-01-04
LolSZMGqhO	40	73.28	3.73	91.62	11.45	86.0	15.72	57.57	95.41	19.72	79.32	2009-07-25
yoQDHXMgEL	74	88.63	54.43	28.45	70.63	42.44	73.28	37.34	20.31	5.59	9.55	2003-07-11
GEMjBMRKEV	97	47.63	17.88	51.54	56.17	12.89	10.31	67.95	73.52	57.47	50.35	2019-08-15
jiJlJoSKxd	93	56.64	21.61	40.29	35.16	11.83	40.73	66.33	29.62	15.47	97.86	2020-10-06
fYSIywGUoq	83	16.24	97.67	83.51	1.36	100.0	77.69	83.26	66.21	29.23	3.99	2022-11-10
WISBDNExCX	94	76.44	75.67	89.49	16.69	10.6	29.18	76.4	24.28	95.21	2.5	2010-01-25
ubipIFzREO	72	81.44	54.06	80.89	79.26	24.24	17.67	62.77	20.15	16.87	87.39	2019-09-03
AjYSgznyAD	77	59.95	9.07	27.55	32.91	15.6	71.94	26.75	75.47	42.54	49.61	2023-08-05
liArbIkrOw	61	24.57	29.87	32.26	30.1	41.37	83.0	51.15	40.79	95.41	70.7	2019-04-19
citDxXgHyk	93	99.22	19.86	36.79	78.71	19.88	31.85	29.41	85.62	52.21	98.09	2023-09-16
EnbtPwUugn	100	65.15	68.02	75.73	3.71	21.05	35.96	5.99	65.52	3.88	47.24	2012-06-16
AeIrRfuBOA	0	46.47	5.98	93.41	63.56	29.37	75.28	28.0	14.19	46.16	39.27	2014-03-22
HURsboVZvx	87	35.55	62.09	61.82	81.06	23.56	70.19	72.02	17.84	65.8	72.58	2023-06-12
ypKCaqxqif	73	54.78	49.05	57.03	29.42	63.61	53.1	60.55	65.52	20.52	25.55	2007-01-05
pFWkgvfFZX	46	57.87	85.99	28.21	62.37	56.83	40.96	58.71	93.89	1.64	94.74	2007-06-22
XakFtLxban	5	21.86	81.88	3.79	73.25	89.7	40.44	36.09	3.71	54.35	34.01	2017-01-01
fjUEgzUFnG	52	60.74	9.11	74.9	99.89	92.77	97.91	58.82	23.97	0.38	66.49	2011-08-04
WeaThdLcAZ	49	46.31	51.72	21.74	62.79	91.81	12.39	12.85	56.07	25.14	21.57	2006-05-06
ncCrWxlTXS	38	22.36	12.64	53.7	99.07	36.46	77.98	45.4	67.56	3.07	23.44	2021-03-06
BSCfacqiao	42	45.53	41.77	44.13	85.48	50.8	77.66	78.38	34.96	63.42	0.9	2019-05-03
zhfXrZlwqr	37	42.8	31.93	48.78	27.47	38.7	12.51	71.47	64.13	73.72	74.81	2012-09-12
sJlibBQAAc	30	25.16	92.72	46.84	47.59	31.79	95.87	36.02	49.83	83.96	24.58	2006-03-26
KlPnwjzsNS	22	37.94	60.05	70.87	19.58	91.88	52.63	61.15	39.26	54.2	42.26	2005-06-16
CDLkhwpsdu	79	49.38	88.76	52.95	0.38	13.11	86.03	75.65	23.4	60.96	99.68	2011-01-21
qRoUYvjYsv	86	96.31	45.05	73.07	54.66	40.88	35.28	14.26	26.79	98.72	20.82	2007-02-20
DELqEqirXx	4	78.33	58.02	91.95	42.82	67.27	19.4	59.69	9.37	0.79	90.69	2017-02-05
JeyoiCrZtC	84	54.04	45.51	73.08	15.66	1.7	91.4	32.51	6.33	56.16	11.03	2023-09-12
GfNksfLnSv	78	52.06	31.66	7.74	58.3	68.67	13.12	81.51	95.43	41.37	65.03	2000-08-04
aeTdpCdWIY	82	28.19	84.58	38.13	9.32	3.05	24.5	12.99	10.41	77.49	61.78	2004-11-23
yuiGrvtInq	58	38.84	83.06	63.57	83.93	27.97	46.29	53.02	98.34	36.66	56.21	2019-02-24
JNQMwPexJJ	17	3.27	49.74	67.56	65.08	41.57	70.68	88.54	80.7	84.24	45.67	2011-04-21
tJYzZRAjhK	96	13.97	53.93	86.4	46.43	20.53	3.03	52.04	59.94	58.99	12.22	2004-07-17
sNSyXiHctr	93	1.25	82.19	41.78	14.83	28.45	6.3	34.49	46.94	55.73	26.38	2003-06-22
yOGgthcWzv	98	34.07	2.98	3.64	88.19	32.52	37.1	25.5	40.42	76.39	94.65	2008-09-12
gpUfZKfcTM	61	67.29	55.34	69.85	75.6	7.3	82.31	83.46	22.47	33.81	86.32	2021-04-03
WhprZXIJuo	49	28.32	81.8	43.6	61.58	91.02	37.42	94.43	5.97	56.21	93.99	2014-12-10
zhZAypJybX	58	27.65	18.31	23.84	80.35	96.5	99.02	64.63	39.42	52.38	3.75	2010-03-27
htjQIkmCOB	2	70.0	36.63	69.43	21.57	52.9	10.89	21.93	24.33	26.21	51.49	2013-05-16
ZoHZxkxzlH	37	2.98	26.08	9.8	79.61	63.84	95.53	25.54	30.0	49.14	2.27	2002-09-25
SUPcsPtLZJ	67	2.06	79.28	2.53	29.35	32.68	74.39	42.76	39.36	14.5	57.77	2009-12-24
OeASjqtLIH	99	61.4	26.68	49.32	13.85	88.37	49.06	36.07	87.04	27.11	62.68	2004-01-12
mGPfMZlQmv	55	73.57	15.98	36.21	16.24	39.27	69.76	93.71	33.4	59.52	55.99	2004-02-10
EsNMDGTfYZ	93	39.54	13.04	58.22	44.73	87.83	29.09	7.11	98.82	54.96	62.41	2015-02-18
pZlInDjvvR	11	58.02	62.48	39.78	2.31	44.05	33.68	96.55	29.56	95.27	80.91	2020-03-09
zTNZfbXxsj	98	97.29	68.67	32.15	38.35	74.1	28.94	29.06	24.82	65.03	47.41	2006-11-21
voYJBWrEzp	88	57.91	1.53	88.95	99.4	3.56	1.29	75.35	83.03	66.91	14.36	2013-05-19
TMDuwqPfuv	55	12.87	55.09	56.68	12.2	13.4	39.31	28.76	17.01	51.19	43.5	2000-08-26
LnjVUeXgUx	9	16.45	49.2	92.84	34.9	27.76	79.48	85.91	79.66	32.66	94.74	2001-05-16
JCIcuvNdcv	83	33.33	65.18	73.09	99.26	22.86	68.02	76.66	67.47	19.12	12.2	2014-10-01
VNtlrvSFLS	96	31.89	47.67	44.74	91.46	88.22	88.28	0.41	68.48	34.3	54.88	2011-08-22
fpIKmuxuaP	31	24.6	80.55	57.05	67.94	83.28	12.84	9.63	26.72	96.65	9.62	2007-07-05
ZiqSRqwAoR	64	27.55	78.01	45.99	25.47	39.76	83.52	39.77	81.94	55.24	42.23	2020-09-27
ugjSJQIKCx	87	70.66	81.56	71.76	22.67	34.44	34.52	45.39	76.75	29.17	38.2	2002-10-22
KKDIRVwUKP	10	58.79	22.02	93.43	12.55	8.61	35.31	64.37	44.98	31.23	39.91	2010-12-10
SqedFKgzuo	37	81.27	81.93	82.02	10.43	12.83	42.74	5.52	30.53	78.37	16.75	2021-01-06
OhycYSGoeA	14	2.74	2.58	73.09	34.84	72.46	86.56	6.91	87.72	44.05	79.2	2017-06-09
JJJfRmHlMz	85	29.07	82.13	73.7	59.79	9.08	36.2	5.75	62.98	45.71	93.9	2019-03-01
XqimwMqxkW	10	58.33	20.19	4.14	97.27	35.84	5.77	38.04	59.97	46.38	22.14	2023-10-22
EAfARmJfLi	19	71.38	21.79	78.77	56.8	73.75	46.78	3.27	89.2	16.23	0.91	2001-07-05
RYLFbejxBJ	44	53.95	63.85	16.65	92.99	58.28	84.38	61.04	64.1	6.96	60.86	2023-08-18
cDFnbdoIkH	100	63.99	92.11	43.4	64.73	90.86	6.72	33.12	12.49	1.92	34.07	2002-06-25
drGIxuWbef	25	66.71	23.34	6.92	62.37	49.35	76.13	40.65	71.11	90.53	98.54	2012-06-25
IguGxVhnGO	71	61.83	5.8	96.47	38.58	84.77	13.8	66.09	3.82	10.24	71.9	2010-08-18
ANWWneRZqX	17	75.28	38.04	22.17	62.3	64.64	36.74	7.35	19.99	34.04	57.8	2011-05-22
CDmizinotx	49	17.95	69.37	40.7	5.08	55.85	14.12	22.48	93.05	59.14	18.48	2001-05-03
ZRuyNNwEKR	94	93.11	45.46	92.58	56.51	67.17	13.22	75.26	9.48	50.93	89.73	2018-05-01
JOdjKzYnml	15	8.79	46.06	74.92	14.68	77.68	13.42	31.59	85.64	59.96	45.8	2022-05-24
hReJjztDco	3	55.31	17.57	74.88	38.26	52.61	43.48	36.44	74.14	23.36	91.6	2004-05-03
tjVtDbaLhY	37	83.34	93.69	37.39	4.05	68.76	99.27	76.45	28.29	82.62	40.47	2006-05-01
phSPddqXIL	17	59.01	26.44	68.54	79.31	73.98	65.73	1.96	28.82	30.09	57.94	2012-07-08
KqlOSiuOkR	23	95.39	56.98	81.75	63.09	66.52	62.55	17.33	80.65	30.81	96.57	2015-09-02
RpvUETmBSU	39	58.3	46.94	40.17	74.58	11.52	51.57	64.84	92.62	4.46	11.58	2021-12-07
rGQgZtctFP	16	20.5	29.46	29.0	2.74	81.05	70.39	58.73	17.4	45.25	0.9	2019-06-24
fsAkMJGlbd	24	58.92	52.3	76.39	90.51	84.01	38.07	72.61	65.3	50.67	15.35	2019-07-06
vPXhhVpdWm	21	52.14	65.4	84.29	20.17	15.81	43.38	14.59	99.95	41.03	87.98	2003-06-01
yLPwZCapRC	3	10.59	74.43	10.02	84.02	98.43	82.72	18.5	84.76	57.77	57.15	2001-12-23
itDTcXAxRL	0	67.12	57.7	71.98	94.08	75.41	2.08	18.72	28.31	54.16	63.68	2012-06-20
HyVTWawjVa	75	81.93	44.46	32.64	73.91	13.3	12.21	42.2	10.94	27.08	31.1	2009-04-18
cHTDWEsqdA	45	49.32	32.41	60.77	14.73	92.03	53.22	18.48	96.04	20.27	89.61	2014-06-18
nNdbcSIzIS	27	79.43	67.55	60.16	79.07	72.83	31.61	18.34	0.32	38.51	67.19	2007-09-20
CVZcfiJutu	58	94.55	64.07	66.18	18.96	78.47	31.09	45.42	19.58	63.25	86.01	2012-10-20
TVVeDzxeKB	88	47.95	95.35	15.72	0.34	7.11	90.81	89.38	24.91	79.24	30.54	2004-06-02
DzXjMLrHUn	29	72.87	67.47	76.93	28.76	26.03	25.87	32.11	84.27	8.42	44.46	2004-12-08
keCJvtcAbs	53	85.7	29.51	15.82	39.96	85.08	6.55	12.23	5.49	85.61	89.16	2007-01-04
TmaOjYnmes	48	48.95	81.3	35.33	21.81	15.77	91.44	40.26	16.63	60.24	62.83	2012-05-04
VFWqJcvCtC	92	53.8	66.14	97.04	98.88	38.24	87.42	66.06	19.03	4.27	25.32	2000-05-01
VtruGBIYwO	51	0.93	19.94	69.13	41.22	81.21	35.56	23.82	97.94	68.62	67.21	2016-05-16
PjcgmboWpe	6	33.64	23.91	46.0	98.19	44.38	55.22	73.4	93.52	52.69	90.47	2011-04-23
hGneFAjbYx	49	68.75	40.13	76.88	60.09	22.43	72.16	95.91	61.21	86.2	6.97	2002-04-06
yEKyaYXlrE	28	9.66	73.56	36.91	60.39	3.08	64.62	82.79	29.6	14.05	13.85	2005-08-17
eaijhFUgCo	29	39.15	46.25	44.26	26.63	53.02	27.33	24.92	61.42	3.64	21.43	2020-05-28
hhnjwDtJld	30	95.04	23.02	50.48	53.08	16.9	34.32	10.44	72.59	58.44	54.52	2002-03-02
MHKYJiHsHC	1	36.42	46.35	72.52	9.62	53.13	30.19	10.93	93.1	82.72	64.31	2007-11-27
xiqLdFUMMk	51	48.35	18.65	72.27	77.33	81.84	51.1	49.26	60.95	85.45	67.01	2005-10-02
EOUHauXTAC	51	52.36	6.92	65.79	59.88	53.19	18.95	87.54	73.49	39.87	49.97	2012-12-19
jAFhAlAOZy	7	58.22	29.39	81.25	12.48	51.86	15.91	21.54	17.33	84.07	9.55	2017-01-06
ctboSjANmH	8	56.66	26.56	68.59	33.47	52.71	28.85	84.02	97.01	50.9	25.24	2010-12-12
lUCOzijOSq	12	11.77	95.02	43.78	91.53	74.48	26.85	55.49	58.22	33.24	10.53	2019-03-04
MoqNogaLDo	99	47.53	46.5	86.09	77.32	83.91	72.78	9.64	59.24	86.06	92.93	2002-01-08
LrIkkzFmHP	67	52.68	70.8	65.94	5.14	16.59	38.67	75.13	53.24	86.84	59.74	2014-09-19
LrsXzaiIvZ	60	75.74	11.25	56.37	75.7	78.54	1.72	8.24	11.5	5.62	26.69	2021-03-07
ieMniRNaQy	19	61.3	88.84	64.91	62.57	13.08	47.74	60.01	18.47	85.82	31.22	2014-06-27
zFjbMzsPEP	54	65.74	50.4	13.02	79.78	96.24	83.4	64.22	3.65	59.03	10.16	2004-04-15
OfNyRpVltd	19	84.06	80.44	84.26	73.78	59.13	11.4	42.18	72.52	1.01	76.53	2019-03-14
MYhAovNxFA	3	84.49	6.97	31.76	17.23	95.44	3.22	27.03	5.84	57.52	69.47	2009-07-23
XUEfEbtgpm	21	34.09	43.13	73.51	6.11	88.16	99.95	93.96	71.27	26.05	60.78	2010-03-03
zLfFervoWb	37	52.81	1.59	64.41	95.82	61.95	2.82	76.1	9.2	21.26	64.8	2002-11-11
NmMyzmuUIc	29	74.7	16.5	87.76	93.71	36.16	55.47	63.26	48.06	55.36	44.72	2001-05-14
BQGoLhGmyt	78	22.39	96.3	21.44	73.92	46.81	28.2	49.93	86.07	90.22	98.6	2002-11-24
cfpnqEEFWV	24	82.67	3.24	42.04	51.96	62.88	51.71	97.97	91.4	42.78	81.45	2011-11-07
MZRSEGHURx	14	38.38	19.56	12.86	36.64	34.46	55.88	50.18	39.09	34.21	72.74	2003-05-19
vOeOQEZFWV	40	98.69	12.52	89.54	81.73	91.31	10.28	90.02	93.58	66.33	93.94	2004-07-24
NyVqKnTBdk	65	47.21	13.68	98.31	77.02	50.28	10.09	53.17	62.46	87.69	14.89	2013-02-28
OxGyUrEhFm	14	31.16	96.5	33.76	13.95	30.95	15.45	23.93	44.39	84.0	60.12	2001-08-09
BWrmqnroOp	55	38.57	97.61	67.75	91.59	86.18	76.71	74.35	99.31	17.6	84.81	2023-09-10
SfmZjQTHgB	67	67.86	50.21	63.17	62.33	44.63	69.23	12.17	60.19	66.39	26.74	2019-07-01
MjLmCyqfGO	17	28.14	71.77	88.77	38.47	21.88	94.64	56.91	29.16	29.73	46.44	2019-06-28
glppsYVNam	4	66.52	40.88	71.33	31.24	0.85	1.25	86.51	81.96	60.02	86.03	2017-03-22
DdYQkTsMXF	54	46.06	56.82	33.56	52.42	97.89	61.31	72.11	61.52	6.29	56.49	2018-11-13
gTKzCokQPi	66	69.87	15.34	63.85	55.52	54.5	58.36	81.8	58.99	30.56	60.03	2019-01-24
YBQiMdtzEw	75	34.62	82.9	12.07	81.14	43.71	25.94	64.17	57.37	13.77	72.2	2010-02-15
VrLQxtshcP	62	47.95	26.15	75.64	4.31	71.25	94.99	31.71	36.36	42.94	98.25	2012-03-16
YfeKmOLHMc	67	67.36	41.81	63.16	79.87	54.94	82.24	55.73	59.95	2.19	17.52	2011-07-09
zzGiVdxqir	45	73.97	51.35	53.6	56.58	20.33	12.82	2.92	18.98	65.94	93.09	2019-10-19
zUqrQkQhAm	94	6.8	49.5	17.47	67.6	56.13	73.87	28.39	88.9	41.88	12.31	2008-03-23
LVCyKHArCI	73	48.02	18.11	21.02	74.62	2.06	15.75	57.41	41.14	61.75	5.1	2012-12-03
aXkXoKvonD	13	87.82	29.31	78.33	86.81	53.37	92.58	67.94	12.94	22.61	79.93	2023-06-20
NjDxqVkFev	95	14.02	90.83	52.78	70.32	19.26	21.62	1.15	9.45	56.15	19.58	2008-12-16
NhyhfrbpkP	76	36.58	85.39	76.62	48.36	55.59	66.71	26.3	80.66	48.44	52.0	2020-08-19
eOEqfVSTbY	39	96.09	2.94	78.25	76.75	7.23	82.74	22.58	10.45	14.91	55.73	2023-08-07
VUEPBNNKJk	81	52.01	34.29	94.24	75.66	50.03	34.66	30.42	88.27	26.65	64.71	2000-10-14
ttKfYUxofj	44	45.85	29.23	7.08	52.16	48.53	66.83	72.22	16.99	74.77	9.79	2000-05-16
wvPehHtAog	91	83.33	18.51	21.16	57.95	35.82	95.07	78.04	37.62	12.06	22.32	2003-02-11
mbPKkJvFID	53	30.02	23.69	97.36	82.55	74.78	54.26	32.63	76.34	81.79	77.05	2020-02-21
zVqRNIxODk	35	47.77	26.92	9.84	57.58	87.53	42.51	87.0	44.98	52.35	59.02	2005-11-17
kdwVnlhNLq	92	48.0	26.12	87.57	51.5	49.84	73.49	27.67	50.55	7.61	12.36	2010-11-27
BQyOcWRhgf	48	44.21	75.89	22.08	22.0	31.86	36.67	60.25	36.76	85.85	33.55	2021-04-23
RlriLWCZWX	11	94.96	94.71	90.91	48.79	91.26	24.23	67.65	20.78	97.45	28.67	2007-06-26
pSZpkWmXIM	34	77.18	83.43	17.11	98.81	88.11	21.69	46.21	19.05	93.4	69.49	2005-02-27
doITfArMDn	81	85.73	22.82	75.64	42.47	89.81	20.73	9.72	98.76	48.68	49.8	2010-04-20
sIsiWUqKAQ	5	80.83	72.2	91.13	40.41	33.66	46.93	42.25	91.41	71.45	20.98	2018-10-02
ZMkxsArVwE	55	29.26	33.33	64.74	23.32	56.65	14.16	96.05	24.27	70.03	8.85	2023-06-07
dJXwBSEDFn	55	16.26	79.32	76.57	12.04	95.15	16.99	39.21	31.25	65.95	69.27	2012-09-21
pkPMzFPIBr	52	68.1	26.15	83.7	27.88	67.48	0.78	69.32	59.08	13.57	0.14	2009-10-20
vahGlnsxRj	0	66.46	74.02	85.5	31.49	73.36	74.58	28.39	9.23	49.62	13.13	2001-03-01
PhsxyDljbA	2	77.54	20.65	15.29	31.5	12.32	94.08	26.36	51.05	97.1	35.03	2004-01-15
IjIRgedHyG	74	32.13	43.51	74.02	45.54	25.57	91.5	37.14	67.28	67.66	86.22	2008-05-18
miZsqiVpcT	26	48.95	47.17	92.2	16.89	66.1	7.96	41.91	48.16	78.28	88.87	2013-02-19
kPtJlocCdT	35	65.16	35.33	61.28	61.9	46.87	72.77	92.51	86.4	95.92	94.48	2010-07-11
JtOMmoNxGz	17	98.02	8.96	51.23	1.66	64.51	42.19	31.1	31.82	14.74	40.91	2003-01-12
ommCoXSbHM	85	50.26	49.47	69.63	76.08	31.83	38.51	29.66	20.71	91.87	77.83	2015-09-12
YmodYSIUCu	66	52.67	13.43	31.64	21.87	55.6	51.77	33.14	53.61	85.95	70.86	2019-05-06
aoOeQOInpr	3	40.07	16.56	18.8	5.63	51.34	80.77	53.94	68.23	34.08	4.67	2015-08-24
uKGsDVuufu	98	92.9	4.44	47.04	59.31	56.9	82.31	93.49	9.31	18.11	0.33	2019-08-06
WfeVWEihPT	61	13.37	73.66	92.94	55.55	54.57	87.23	38.76	97.96	37.94	5.97	2005-01-05
sbkMLbMUZc	68	62.5	88.76	15.98	56.83	36.39	94.32	13.09	96.63	69.48	27.11	2022-09-26
yWgDLrMYQW	15	63.75	6.72	66.21	14.69	11.39	28.36	69.33	52.45	82.52	72.53	2015-01-21
uQEZXSYjiA	71	18.39	11.12	40.41	83.32	91.18	36.27	69.13	28.84	23.03	91.13	2020-02-12
UWDaZvUTTB	58	62.97	48.07	88.05	83.75	23.34	42.87	66.28	40.5	18.01	2.05	2022-08-21
xrKVnPedVJ	22	2.56	81.07	83.83	94.91	57.34	60.33	45.11	53.93	3.18	99.1	2017-06-07
ydldeGgWlv	3	2.99	95.41	58.36	74.62	31.48	40.35	76.79	75.67	54.49	56.31	2009-05-18
BRIIRlsXDC	66	34.67	46.98	43.45	63.74	85.28	18.83	98.03	94.37	89.62	23.75	2008-10-11
yXXJsHuFPp	84	53.02	24.02	3.39	85.29	80.98	65.64	89.84	87.63	64.13	87.27	2020-07-03
njZtUmWgje	53	63.52	10.12	55.49	6.26	69.39	55.45	99.62	26.48	59.51	50.14	2017-02-16
WlsdhGTDEQ	68	73.37	99.22	46.67	43.25	72.88	92.23	92.02	15.27	42.5	75.4	2020-07-08
eKXNpQrZOk	68	11.68	64.24	70.09	83.24	71.84	71.28	94.02	50.69	89.45	5.41	2022-12-06
PMtVpkJdoF	8	35.16	97.42	14.37	18.46	85.75	24.78	64.71	84.98	7.7	44.26	2018-04-23
tnQqgWSNHs	98	23.14	3.2	86.0	68.34	41.13	73.08	53.12	19.43	81.82	0.9	2001-06-05
MGBAtlKzvS	33	11.08	69.53	55.35	5.45	24.15	4.39	8.83	66.88	52.69	8.88	2014-05-04
xoMsmaBPLn	72	72.04	59.13	45.28	63.6	32.89	49.9	26.85	45.25	36.39	43.23	2004-04-10
dslOQmvOiK	4	38.35	61.98	2.92	14.44	47.18	75.72	27.25	43.67	92.23	38.27	2009-01-08
JNMgPBGprm	93	16.31	32.02	60.23	88.07	51.49	57.34	49.78	65.83	72.23	23.54	2001-04-17
aeBFGbKDUI	36	1.09	44.21	27.24	32.12	4.57	97.29	39.84	52.83	61.18	59.58	2007-10-07
unzdmnEmPi	16	21.16	71.89	49.85	60.04	15.13	56.75	81.75	92.34	44.85	23.34	2000-08-06
GmVXRfgoxF	10	35.77	45.39	70.91	27.44	0.57	61.11	33.96	2.41	37.3	71.46	2007-10-06
AgBcRwkWuy	68	52.21	97.32	54.56	8.75	31.91	29.52	23.69	42.35	88.93	91.54	2018-02-16
WzDdvkotxa	54	32.83	26.23	11.66	33.4	34.79	79.32	56.12	69.12	78.24	96.88	2006-10-17
BdYsYWtsJC	97	2.64	87.18	95.18	99.61	58.48	96.02	8.49	41.55	91.01	68.75	2009-02-11
txcXTcievK	9	44.8	57.7	71.02	48.61	32.84	23.91	98.1	57.95	34.28	25.88	2023-01-24
lOoORgJBcz	49	96.85	22.4	52.09	40.42	56.9	2.55	62.9	62.81	51.18	43.0	2023-11-05
IiyuAHJFyA	96	48.71	32.4	5.85	99.57	7.04	45.36	76.03	52.74	17.04	81.82	2001-07-07
McalEzXOrw	82	24.19	65.91	56.14	99.38	90.54	28.32	46.08	16.11	80.84	28.15	2001-02-08
ETNIEkBquu	91	92.98	82.19	24.63	72.37	81.18	56.76	48.68	5.06	65.98	65.96	2020-01-19
iUAjMDslhb	71	76.85	44.7	60.07	59.52	39.58	29.36	58.02	69.34	22.77	3.89	2008-06-26
oVGXTbQpWu	20	31.27	89.92	71.41	19.99	42.68	56.32	74.43	33.95	6.52	56.73	2014-09-23
CTYBYQsqoT	64	27.17	32.33	62.61	36.54	98.79	10.97	33.39	36.77	69.86	23.37	2007-08-22
GWVQFELTDp	90	19.57	61.33	68.09	54.33	23.39	83.62	30.69	32.49	61.24	63.31	2023-08-16
FMiHNvWmgt	9	84.28	71.16	64.4	42.52	48.51	73.81	76.46	90.31	12.97	1.69	2020-06-28
NkUnbhveKS	32	5.64	36.49	60.58	50.66	25.41	79.0	2.1	58.62	90.91	6.72	2006-10-22
scvpmunSEx	69	40.3	49.43	62.35	36.8	2.94	26.13	54.29	98.44	93.38	42.93	2018-03-26
rhTdAJLZyC	59	47.31	97.69	12.54	56.53	3.58	59.3	53.72	32.9	1.94	58.81	2017-12-27
xpfnwhSAgA	85	46.43	52.58	49.58	6.48	40.05	29.32	41.56	35.9	30.44	50.7	2016-10-02
ywtxvtVyqh	50	99.92	42.68	33.95	53.72	82.79	92.16	38.17	0.93	32.9	74.09	2013-08-11
SXRisfZWnD	57	78.86	26.71	24.13	59.88	4.28	58.64	46.46	17.77	87.56	63.07	2013-04-25
OXvTxhRZDi	27	89.61	62.13	29.79	2.64	90.69	86.69	95.05	77.0	62.4	29.12	2017-02-12
MXtVKwtTbR	52	8.7	60.6	94.91	12.09	82.49	95.32	18.59	90.37	90.91	61.45	2020-06-25
wWcLMLnPWr	45	0.48	29.02	97.16	83.54	5.75	68.95	50.66	35.93	81.9	70.94	2016-03-04
KQVjgZclXf	49	50.19	6.02	38.05	58.51	36.92	98.1	24.1	82.3	75.05	84.27	2001-11-16
axxMPvGcFu	59	17.0	4.04	91.51	47.49	26.79	64.75	13.97	70.76	2.96	17.89	2006-05-22
BeDBPyQRMt	18	98.45	3.32	9.6	58.55	82.84	93.56	44.22	69.08	78.32	70.6	2007-09-18
QqeoyIsEZn	13	10.54	87.45	6.16	5.35	24.66	41.51	9.72	56.99	54.11	54.09	2001-10-11
erafLmoDee	52	3.43	67.96	41.34	96.11	60.6	41.03	55.69	32.55	4.53	28.71	2018-11-13
TUzGxkrlKc	86	67.5	48.44	84.17	85.8	89.54	59.54	73.61	97.57	29.3	25.24	2011-11-01
rXSQDkghkt	48	20.99	58.94	16.67	72.6	55.37	82.34	52.81	92.3	0.04	28.04	2023-03-18
btyRwGsdKX	3	2.46	11.24	96.61	29.33	82.89	0.95	43.37	92.17	29.65	83.32	2002-10-06
eGErBLJMpJ	4	33.86	7.22	47.43	24.47	66.5	30.09	47.54	98.43	94.06	40.93	2019-06-05
ercOwlTfnb	23	89.56	69.73	42.81	52.81	10.39	30.33	49.34	68.46	97.33	23.18	2005-11-21
lvihsLNqRC	48	3.77	76.22	34.11	73.64	71.38	92.31	48.91	20.77	34.49	17.43	2006-09-02
ylZXiGVYvK	3	53.21	77.81	29.22	48.82	72.38	89.58	22.86	35.11	6.09	48.75	2014-09-08
MOxWoZjfyF	53	83.72	22.49	60.11	57.45	75.59	90.29	72.17	30.89	26.91	74.29	2001-12-01
JADhKmSzYh	69	0.26	30.28	25.38	9.28	52.41	21.74	21.15	10.78	91.53	73.18	2020-12-22
aBBySezSms	83	60.29	45.56	55.91	49.79	26.51	95.73	6.42	86.07	76.19	22.62	2018-02-01
cEsphjwGTD	39	74.62	72.06	9.52	75.36	58.35	81.43	17.05	31.16	36.12	8.72	2021-06-22
wueiVNPfIH	61	20.76	82.34	86.26	11.88	54.25	40.69	45.38	18.17	25.82	39.93	2013-11-12
YBVbpLRhvE	37	34.44	67.34	86.94	59.0	40.78	53.87	7.3	96.55	87.84	87.21	2012-04-18
VbMyiqahvh	8	4.88	63.04	34.47	18.36	46.33	86.07	75.0	2.51	53.08	65.89	2020-10-13
VlIMxdnYaE	33	12.87	21.64	42.0	76.36	59.8	17.29	2.19	68.94	14.49	10.19	2019-01-18
jZhMdeobGF	81	89.09	82.77	99.74	73.85	19.83	29.31	97.57	96.7	96.19	10.61	2006-12-14
rJQIhhSaWn	86	4.22	2.98	27.9	20.65	6.91	60.28	67.67	71.46	73.8	44.02	2002-03-17
ORSfafVgKZ	58	30.49	70.14	87.85	97.04	32.72	14.54	44.83	80.14	68.0	36.85	2003-07-17
DeZwkrrjRz	39	87.43	29.43	11.51	83.67	98.15	67.86	26.41	86.01	24.24	47.0	2014-10-20
HDCVQfCNYN	90	21.71	61.82	96.84	77.19	32.97	64.77	67.1	6.84	85.51	42.08	2010-03-08
OAmIBfyEjn	38	98.41	84.66	88.53	74.4	17.53	71.16	21.98	30.17	14.52	70.79	2021-05-06
VYItIRvnPd	52	83.49	12.54	75.88	1.77	46.99	83.5	24.96	52.07	25.88	80.2	2013-12-19
pQCXkHDNho	41	53.54	66.41	29.58	31.51	28.01	49.3	25.91	47.19	98.73	5.24	2009-05-28
uedHeAqseh	27	67.96	17.84	5.55	28.82	3.79	19.89	80.19	93.82	66.08	66.48	2023-12-20
BarbFCipCL	54	60.9	68.89	35.29	83.45	89.14	83.79	17.84	46.41	39.2	88.54	2011-07-14
RAIGshcqUJ	47	96.12	12.88	70.98	42.98	9.3	14.88	69.78	81.02	30.89	66.02	2005-04-13
bGMdqPwdDW	14	69.9	3.17	68.52	93.2	3.57	65.94	83.16	77.84	73.12	52.18	2004-10-04
sDvPxMEDTJ	56	82.26	35.99	6.65	57.99	24.28	45.68	63.74	73.36	6.92	37.51	2005-05-14
NHdhPdjUyO	76	9.28	19.01	97.41	1.94	55.43	62.91	27.7	91.79	21.18	3.26	2002-01-24
GJrXRDPGYl	17	61.91	10.52	49.79	2.59	73.53	8.77	44.43	51.75	56.16	38.07	2019-11-14
UCjzToKrou	35	56.12	73.41	11.74	3.13	93.82	64.14	69.54	2.01	70.28	58.17	2000-04-04
eomJWiUJDr	97	19.65	12.73	75.46	74.97	49.03	7.31	52.13	61.93	19.72	82.41	2020-07-16
xZJighegNU	89	56.87	94.8	34.85	76.46	40.87	0.54	35.98	47.69	29.07	95.33	2023-10-15
wAjkNzRiUV	9	82.49	39.19	13.56	57.16	46.5	31.42	67.68	49.38	72.2	13.94	2010-05-03
drAnXPxFtv	91	22.89	11.93	52.91	83.12	9.84	58.44	35.52	11.11	39.79	92.6	2008-01-22
fOJLoboofi	8	71.98	43.96	90.52	31.03	61.13	99.31	68.25	52.37	44.2	71.78	2019-03-02
fyYPMStyWw	79	42.66	36.05	86.14	5.56	55.35	5.83	28.52	60.38	94.7	84.84	2010-07-06
JqFJQlxgei	6	68.21	49.52	69.41	84.42	70.18	73.68	12.69	30.85	60.23	0.96	2009-01-11
fLTpeEGOtH	22	48.11	30.6	68.59	97.19	42.56	11.73	19.68	20.28	94.98	66.89	2003-05-17
gzbrUxdkrv	57	19.81	78.5	40.94	66.22	15.83	21.37	27.16	53.32	48.18	82.54	2017-02-11
GRMsUJfjQl	23	32.84	25.95	13.69	12.96	86.38	76.79	82.37	97.67	99.3	16.13	2008-03-20
cbMKLeLrLb	74	67.85	28.73	73.13	91.23	0.47	20.71	67.99	48.79	27.99	73.11	2008-12-15
CtAagIHwYD	86	30.1	52.04	99.19	94.1	5.02	56.48	69.75	45.15	50.21	89.81	2004-10-15
QqvoYsJnYI	88	17.54	71.81	44.4	77.07	78.28	81.92	31.73	82.3	13.38	16.88	2013-09-05
zSXTvbWfgN	65	42.55	46.91	95.67	80.1	41.17	73.23	75.37	9.03	62.7	58.69	2006-07-13
cpyDZisnbz	48	88.94	45.54	69.06	18.94	16.03	75.72	40.31	74.91	55.21	74.46	2021-11-14
gJiAjsLniu	4	61.84	32.16	29.57	66.95	55.32	27.21	34.03	72.84	10.78	73.41	2015-10-22
rDHEPynOvE	92	98.3	56.67	55.48	21.73	34.45	5.17	42.84	38.38	18.02	38.34	2018-06-22
aNdjxwlSud	94	70.7	57.29	73.41	1.07	25.31	51.63	6.63	31.07	39.02	72.94	2021-11-16
aFdfoVNlZl	79	76.57	82.86	42.68	82.84	30.57	45.77	2.48	67.44	65.33	26.18	2009-08-14
ASnzMNJqgR	11	88.11	49.64	8.79	83.73	85.08	27.29	29.77	3.98	28.43	98.11	2020-05-16
TRTSiJHVup	46	24.04	8.6	86.64	93.58	76.67	11.65	31.24	92.03	50.99	11.74	2009-06-03
aWCRASsVIv	38	95.33	76.12	50.2	27.7	33.6	86.6	80.23	11.99	33.04	77.19	2023-11-08
eXXvStbinA	65	57.1	21.94	18.48	43.37	10.84	13.67	59.53	62.48	48.2	74.0	2000-11-28
tYbdXHlMTW	90	81.84	27.59	62.62	92.65	59.51	15.12	76.48	42.97	28.69	53.35	2004-08-10
XmsyhNUfVb	48	19.88	71.04	18.58	45.43	4.12	12.83	83.31	5.76	33.48	91.99	2006-05-15
yzbfcnOfuw	43	61.06	65.63	66.22	51.98	45.77	59.61	41.65	76.05	71.75	22.64	2021-07-10
iZQOvxXzlw	4	60.88	62.2	19.69	41.27	5.05	36.44	7.39	25.05	61.63	61.68	2009-03-04
gAdYycEMGC	66	95.09	4.76	30.44	90.32	90.15	6.52	23.51	1.98	46.71	57.54	2020-10-02
GfUaYyBVln	4	8.94	5.22	0.27	5.58	27.53	71.85	70.63	65.36	79.38	0.07	2016-02-17
npmbZuPaHj	5	82.39	5.7	82.44	54.92	77.53	61.91	31.12	10.55	29.68	79.85	2005-07-26
vyzXeBiLfI	2	0.91	99.35	46.52	35.7	53.69	3.46	22.03	53.36	82.6	62.7	2020-09-14
fLdbMCeavT	24	53.8	5.87	44.45	19.55	16.55	43.1	36.89	53.16	73.15	36.01	2007-12-24
gcIiTcKSkN	23	29.67	1.91	92.34	97.71	91.54	64.55	59.76	69.49	77.18	40.4	2011-02-24
ZhUnpBbRFP	94	46.29	67.97	28.16	96.6	47.98	4.96	92.31	88.91	38.81	11.06	2012-07-21
sHnTTcYwOF	27	78.69	49.17	43.39	23.04	69.47	95.58	74.12	34.79	66.04	83.82	2010-04-25
